Added by Katie,ImportRange formula in cell B3,,,,,Added by Katie,,,,,,,,,0,0,0
,,,,,,,,PRODUCT MATERIAL & COMPONENT VALUES,,,Packaging only,,,,RESULTS FOR CHARTS,,
Category Assigned for selection list,Material category,Material name,Impact value (multiply),Impact value (add),Impact unit,Auto-list taken from column E,,Density value,Density unit,Unit weight (g),Manufacturing Process,,,,Baseline *Please Make a Copy Before Editing*,*Design 01*,*Design 02*
Plastics,Elastomers,Liquid Silicone Rubber,0.007580, ,kgCO2e/g,g,TRUE,1.14,g/cm3,,,,Liquid Silicone Rubber,,,,
Plastics,Elastomers,Solid Silicone Rubber,0.008443, ,kgCO2e/g,g,TRUE,1.16,g/cm3,,,,Solid Silicone Rubber,,,,
Plastics,Elastomers,"TPS/TPU (A005, A007, A030)",0.004148, ,kgCO2e/g,g,TRUE,1.04,g/cm3,,,,"TPS/TPU (A005, A007, A030)",,,,
Plastics,Foam,Compressed Cork,0.001280, ,kgCO2e/g,g,TRUE,0.45,g/cm3,,,,Compressed Cork,,,,
Plastics,Foam,EPE Foam,0.003430, ,kgCO2e/g,g,TRUE,,,,,,EPE Foam,,,,
Plastics,Foam,EVA Foam,0.003266, ,kgCO2e/g,g,TRUE,,,,,,EVA Foam,,,,
Plastics,Foam,Natural Rubber,0.002737, ,kgCO2e/g,g,TRUE,,,,,,Natural Rubber,,,,
Plastics,Foam,PU Foam,0.005380, ,kgCO2e/g,g,TRUE,0.049,g/cm3,,,,PU Foam,,,,
Plastics,Foot Pad,Liquid Silicone Rubber Pad,0.007158, ,kgCO2e/g,g,TRUE,1.14,g/cm3,,,,Liquid Silicone Rubber Pad,,,,
Plastics,Foot Pad,PTFE Pad,0.012261, ,kgCO2e/g,g,TRUE,2.17,g/cm3,,,,PTFE Pad,,,,
Plastics,Foot Pad,Solid Silicone Rubber Pad,0.008015, ,kgCO2e/g,g,TRUE,1.14,g/cm3,,,,Solid Silicone Rubber Pad,,,,
Others,Glass/Ceramic,Glass,0.001970, ,kgCO2e/g,g,TRUE,2.5,g/cm3,,,,Glass,,,,
Metals,Metal - Aluminium,ADC-12  [Die-casting],0.017417, ,kgCO2e/g,g,TRUE,2.75,g/cm3,,,,ADC-12  [Die-casting],,,,
Metals,Metal - Aluminium,ADC-12 (60% Recycled)  [Die-casting],0.012192, ,kgCO2e/g,g,TRUE,2.75,g/cm3,,,,ADC-12 (60% Recycled)  [Die-casting],,,,
Metals,Metal - Aluminium,ADC-12 (65% Recycled)  [Die-casting],0.011147, ,kgCO2e/g,g,TRUE,2.75,g/cm3,,,,ADC-12 (65% Recycled)  [Die-casting],,,,
Metals,Metal - Aluminium,ADC-12 (75% Recycled )  [Die-casting],0.009057, ,kgCO2e/g,g,TRUE,2.75,g/cm3,,,,ADC-12 (75% Recycled )  [Die-casting],,,,
Metals,Metal - Aluminium,ADC-12 (80% Recycled)  [Die-casting],0.007907, ,kgCO2e/g,g,TRUE,2.75,g/cm3,,,,ADC-12 (80% Recycled)  [Die-casting],,,,
Metals,Metal - Aluminium,ADC-12 (85% Recycled)  [Die-casting],0.006862, ,kgCO2e/g,g,TRUE,2.75,g/cm3,,,,ADC-12 (85% Recycled)  [Die-casting],,,,
Metals,Metal - Aluminium,Al 5052 Low Carbon  [Stamping],0.010706, ,kgCO2e/g,g,TRUE,2.68,g/cm3,,,,Al 5052 Low Carbon  [Stamping],,,,
Metals,Metal - Aluminium,Al 5052 Regular  [Stamping],0.043531, ,kgCO2e/g,g,TRUE,2.68,g/cm3,,,,Al 5052 Regular  [Stamping],,,,
Metals,Metal - Aluminium,Al 6063 Low Carbon  [Extrusion],0.005586, ,kgCO2e/g,g,TRUE,2.69,g/cm3,,,,Al 6063 Low Carbon  [Extrusion],,,,
Metals,Metal - Aluminium,Al 6063 Low Carbon [CNC],0.008820, ,kgCO2e/g,g,TRUE,2.69,g/cm3,,,,Al 6063 Low Carbon [CNC],,,,
Metals,Metal - Aluminium,Al 6063 Regular [CNC],0.033390, ,kgCO2e/g,g,TRUE,2.69,g/cm3,,,,Al 6063 Regular [CNC],,,,
Metals,Metal - Aluminium,Al 6063 Regular [Extrusion],0.026201, ,kgCO2e/g,g,TRUE,2.69,g/cm3,,,,Al 6063 Regular [Extrusion],,,,
Metals,Metal - Copper,"Brass CuZn20  [Turning, CNC]",0.003192, ,kgCO2e/g,g,TRUE,8.51,g/cm3,,,,"Brass CuZn20  [Turning, CNC]",,,,
Metals,Metal - Copper,"Brass CuZn39Pb3  [Turning, CNC]",0.003128, ,kgCO2e/g,g,TRUE,8.27,g/cm3,,,,"Brass CuZn39Pb3  [Turning, CNC]",,,,
Metals,Metal - Copper,Copper Sheet (95% Recycled),0.001699, ,kgCO2e/g,g,TRUE,8.96,g/cm3,,,,Copper Sheet (95% Recycled),,,,
Metals,Metal - Others,100% PCR Magnet NdFeB,0.064500, ,kgCO2e/g,g,TRUE,7.7,g/cm3,,,,100% PCR Magnet NdFeB,,,,
Metals,Metal - Others,Magnet NdFeB,0.073500, ,kgCO2e/g,g,TRUE,7.7,g/cm3,,,,Magnet NdFeB,,,,
Metals,Metal - Others,Zn Alloy #3  [Die Casting],0.005057, ,kgCO2e/g,g,TRUE,6.65,g/cm3,,,,Zn Alloy #3  [Die Casting],,,,
Metals,Metal - Stainless Steel,"Stainless Steel, Generic  [Deep Drawing]",0.013272, ,kgCO2e/g,g,TRUE,,,,,,"Stainless Steel, Generic  [Deep Drawing]",,,,
Metals,Metal - Stainless Steel,"Stainless Steel, Generic  [Stamping, Bending]",0.008548, ,kgCO2e/g,g,TRUE,,,,,,"Stainless Steel, Generic  [Stamping, Bending]",,,,
Metals,Metal - Stainless Steel,"Stainless Steel, Generic  [Turning]",0.010902, ,kgCO2e/g,g,TRUE,,,,,,"Stainless Steel, Generic  [Turning]",,,,
Metals,Metal - Stainless Steel,SUS 304  [Deep Drawing],0.009306, ,kgCO2e/g,g,TRUE,7.95,g/cm3,,,,SUS 304  [Deep Drawing],,,,
Metals,Metal - Stainless Steel,"SUS 304  [Stamping, Bending]",0.005948, ,kgCO2e/g,g,TRUE,7.95,g/cm3,,,,"SUS 304  [Stamping, Bending]",,,,
Metals,Metal - Stainless Steel,SUS 304  [Turning],0.007853, ,kgCO2e/g,g,TRUE,7.95,g/cm3,,,,SUS 304  [Turning],,,,
Metals,Metal - Stainless Steel,SUS 316  [Deep Drawing],0.013272, ,kgCO2e/g,g,TRUE,8,g/cm3,,,,SUS 316  [Deep Drawing],,,,
Metals,Metal - Stainless Steel,"SUS 316  [Stamping, Bending]",0.008548, ,kgCO2e/g,g,TRUE,8,g/cm3,,,,"SUS 316  [Stamping, Bending]",,,,
Metals,Metal - Stainless Steel,SUS 316  [Turning],0.010902, ,kgCO2e/g,g,TRUE,8,g/cm3,,,,SUS 316  [Turning],,,,
Metals,Metal - Stainless Steel,SUS 430  [Deep Drawing],0.005106, ,kgCO2e/g,g,TRUE,7.72,g/cm3,,,,SUS 430  [Deep Drawing],,,,
Metals,Metal - Stainless Steel,"SUS 430  [Stamping, Bending]",0.003195, ,kgCO2e/g,g,TRUE,7.75,g/cm3,,,,"SUS 430  [Stamping, Bending]",,,,
Metals,Metal - Stainless Steel,SUS 430  [Turning],0.004624, ,kgCO2e/g,g,TRUE,7.72,g/cm3,,,,SUS 430  [Turning],,,,
Metals,Metal - Steel,"50% PCR SGCC  [Stamping, Bending] [EAF]",0.003240, ,kgCO2e/g,g,TRUE,7.95,g/cm3,,,,"50% PCR SGCC  [Stamping, Bending] [EAF]",,,,
Metals,Metal - Steel,"95% PCR SGCC  [Stamping, Bending]",0.001680, ,kgCO2e/g,g,TRUE,7.95,g/cm3,,,,"95% PCR SGCC  [Stamping, Bending]",,,,
Metals,Metal - Steel,Screw/ Spring Part,0.002282, ,kgCO2e/g,g,TRUE,7.95,g/cm3,,,,Screw/ Spring Part,,,,
Metals,Metal - Steel,SECC  [Deep Drawing],0.004840, ,kgCO2e/g,g,TRUE,7.95,g/cm3,,,,SECC  [Deep Drawing],,,,
Metals,Metal - Steel,"SECC  [Stamping, Bending]",0.003920, ,kgCO2e/g,g,TRUE,7.95,g/cm3,,,,"SECC  [Stamping, Bending]",,,,
Metals,Metal - Steel,SECC  [Turning],0.004480, ,kgCO2e/g,g,TRUE,7.95,g/cm3,,,,SECC  [Turning],,,,
Metals,Metal - Steel,SGCC  [Deep Drawing],0.004915, ,kgCO2e/g,g,TRUE,7.95,g/cm3,,,,SGCC  [Deep Drawing],,,,
Metals,Metal - Steel,"SGCC  [Stamping, Bending] [BOF]",0.003520, ,kgCO2e/g,g,TRUE,7.95,g/cm3,,,,"SGCC  [Stamping, Bending] [BOF]",,,,
Metals,Metal - Steel,SGCC  [Turning],0.004555, ,kgCO2e/g,g,TRUE,7.95,g/cm3,,,,SGCC  [Turning],,,,
Metals,Metal - Steel,SGLCC  [Deep Drawing],0.005183, ,kgCO2e/g,g,TRUE,7.95,g/cm3,,,,SGLCC  [Deep Drawing],,,,
Metals,Metal - Steel,"SGLCC  [Stamping, Bending]",0.003680, ,kgCO2e/g,g,TRUE,7.95,g/cm3,,,,"SGLCC  [Stamping, Bending]",,,,
Metals,Metal - Steel,SGLCC  [Turning],0.004823, ,kgCO2e/g,g,TRUE,7.95,g/cm3,,,,SGLCC  [Turning],,,,
Metals,Metal - Steel,SPCC  [Deep Drawing],0.004581, ,kgCO2e/g,g,TRUE,7.95,g/cm3,,,,SPCC  [Deep Drawing],,,,
Metals,Metal - Steel,"SPCC  [Stamping, Bending]",0.003120, ,kgCO2e/g,g,TRUE,7.95,g/cm3,,,,"SPCC  [Stamping, Bending]",,,,
Metals,Metal - Steel,SPCC  [Turning],0.004220, ,kgCO2e/g,g,TRUE,7.95,g/cm3,,,,SPCC  [Turning],,,,
Metals,Metal - Steel,Steel wire,0.002814, ,kgCO2e/g,g,TRUE,7.95,g/cm3,,,,Steel wire,,,,
Metals,Metal - Steel,"Steel, Generic  [Deep Drawing]",0.005183, ,kgCO2e/g,g,TRUE,7.95,g/cm3,,,,"Steel, Generic  [Deep Drawing]",,,,
Metals,Metal - Steel,"Steel, Generic  [Stamping, Bending]",0.003453, ,kgCO2e/g,g,TRUE,7.95,g/cm3,,,,"Steel, Generic  [Stamping, Bending]",,,,
Metals,Metal - Steel,"Steel, Generic  [Turning]",0.004823, ,kgCO2e/g,g,TRUE,7.95,g/cm3,,,,"Steel, Generic  [Turning]",,,,
Plastics,Plastic - ABS,ABS,0.004392, ,kgCO2e/g,g,TRUE,1.05,g/cm3,,,,ABS,,,,
Plastics,Plastic - ABS,35% PCR ABS,0.003385, ,kgCO2e/g,g,TRUE,1.05,g/cm3,,,,35% PCR ABS,,,,
Plastics,Plastic - ABS,50% PCR ABS,0.002953, ,kgCO2e/g,g,TRUE,1.05,g/cm3,,,,50% PCR ABS,,,,
Plastics,Plastic - ABS,65% PCR ABS,0.002521, ,kgCO2e/g,g,TRUE,1.05,g/cm3,,,,65% PCR ABS,,,,
Plastics,Plastic - ABS,85% PCR ABS,0.001945, ,kgCO2e/g,g,TRUE,1.05,g/cm3,,,,85% PCR ABS,,,,
Plastics,Plastic - ABS,95% PCR ABS,0.001658, ,kgCO2e/g,g,TRUE,1.05,g/cm3,,,,95% PCR ABS,,,,
Plastics,Plastic - ABS,100% PCR ABS  (PCR>97%),0.001600, ,kgCO2e/g,g,TRUE,1.05,g/cm3,,,,100% PCR ABS  (PCR>97%),,,,
Plastics,Plastic - ABS,ABS (2% PET Fiber),0.004398, ,kgCO2e/g,g,TRUE,,,,,,ABS (2% PET Fiber),,,,
Plastics,Plastic - ABS,50% PCR ABS (2% PET Fiber),0.002990, ,kgCO2e/g,g,TRUE,,,,,,50% PCR ABS (2% PET Fiber),,,,
Plastics,Plastic - HIPS,HIPS,0.003554, ,kgCO2e/g,g,TRUE,1.06,g/cm3,,,,HIPS,,,,
Plastics,Plastic - HIPS,65% PCR HIPS,0.002228, ,kgCO2e/g,g,TRUE,1.06,g/cm3,,,,65% PCR HIPS,,,,
Plastics,Plastic - HIPS,75% PCR HIPS,0.002024, ,kgCO2e/g,g,TRUE,1.06,g/cm3,,,,75% PCR HIPS,,,,
Plastics,Plastic - HIPS,85% PCR HIPS,0.001820, ,kgCO2e/g,g,TRUE,1.06,g/cm3,,,,85% PCR HIPS,,,,
Plastics,Plastic - HIPS,95% PCR HIPS,0.001616, ,kgCO2e/g,g,TRUE,1.06,g/cm3,,,,95% PCR HIPS,,,,
Plastics,Plastic - Others,Epoxy Resin,0.006902, ,kgCO2e/g,g,TRUE,,,,,,Epoxy Resin,,,,
Plastics,Plastic - Others,Epoxy/GF (1:1),0.004845, ,kgCO2e/g,g,TRUE,,,,,,Epoxy/GF (1:1),,,,
Plastics,Plastic - Others,FRP PA 66 (30% GF),0.007082, ,kgCO2e/g,g,TRUE,,,,,,FRP PA 66 (30% GF),,,,
Plastics,Plastic - Others,"PA 66, Nylon 66",0.008928, ,kgCO2e/g,g,TRUE,1.14,g/cm3,,,,"PA 66, Nylon 66",,,,
Plastics,Plastic - Others,PBT,0.005777, ,kgCO2e/g,g,TRUE,1.31,g/cm3,,,,PBT,,,,
Plastics,Plastic - Others,PMMA,0.005022, ,kgCO2e/g,g,TRUE,,,,,,PMMA,,,,
Plastics,Plastic - Others,POM,0.004467, ,kgCO2e/g,g,TRUE,1.42,g/cm3,,,,POM,,,,
Plastics,Plastic - Others,POM + 20% GF,0.004136, ,kgCO2e/g,g,TRUE,,,,,,POM + 20% GF,,,,
Plastics,Plastic - PC,PC,0.005221, ,kgCO2e/g,g,TRUE,1.2,g/cm3,,,,PC,,,,
Plastics,Plastic - PC,30% PCR PC,0.004109, ,kgCO2e/g,g,TRUE,1.2,g/cm3,,,,30% PCR PC,,,,
Plastics,Plastic - PC,35% PCR PC,0.003924, ,kgCO2e/g,g,TRUE,1.2,g/cm3,,,,35% PCR PC,,,,
Plastics,Plastic - PC,50% PCR PC,0.003367, ,kgCO2e/g,g,TRUE,1.2,g/cm3,,,,50% PCR PC,,,,
Plastics,Plastic - PC,65% PCR PC,0.002934, ,kgCO2e/g,g,TRUE,1.2,g/cm3,,,,65% PCR PC,,,,
Plastics,Plastic - PC,70% PCR PC,0.002759, ,kgCO2e/g,g,TRUE,1.2,g/cm3,,,,70% PCR PC,,,,
Plastics,Plastic - PC,85% PCR PC,0.002070, ,kgCO2e/g,g,TRUE,1.2,g/cm3,,,,85% PCR PC,,,,
Plastics,Plastic - PC,90% PCR PC,0.001884, ,kgCO2e/g,g,TRUE,1.2,g/cm3,,,,90% PCR PC,,,,
Plastics,Plastic - PC,PC/GF (7:3),0.004490, ,kgCO2e/g,g,TRUE,1.41,g/cm3,,,,PC/GF (7:3),,,,
Plastics,Plastic - PC/ABS,PC/ABS (6:4),0.004890, ,kgCO2e/g,g,TRUE,,,,,,PC/ABS (6:4),,,,
Plastics,Plastic - PC/ABS,PC/ABS (7:3),0.004972, ,kgCO2e/g,g,TRUE,,,,,,PC/ABS (7:3),,,,
Plastics,Plastic - PC/ABS,PC/ABS (8:2),0.005055, ,kgCO2e/g,g,TRUE,,,,,,PC/ABS (8:2),,,,
Plastics,Plastic - PC/ABS,30% PCR PC/ABS,0.003943, ,kgCO2e/g,g,TRUE,,,,,,30% PCR PC/ABS,,,,
Plastics,Plastic - PC/ABS,35% PCR PC/ABS + 15% GF,0.003479, ,kgCO2e/g,g,TRUE,,,,,,35% PCR PC/ABS + 15% GF,,,,
Plastics,Plastic - PC/ABS,50% PCR PC/ABS,0.003326, ,kgCO2e/g,g,TRUE,,,,,,50% PCR PC/ABS,,,,
Plastics,Plastic - PC/ABS,65% PCR PC/ABS,0.002646, ,kgCO2e/g,g,TRUE,,,,,,65% PCR PC/ABS,,,,
Plastics,Plastic - PC/ABS,75% PCR PC/ABS,0.002399, ,kgCO2e/g,g,TRUE,,,,,,75% PCR PC/ABS,,,,
Plastics,Plastic - PC/ABS,85% PCR PC/ABS,0.002028, ,kgCO2e/g,g,TRUE,,,,,,85% PCR PC/ABS,,,,
Plastics,Plastic - PET,PET,0.003943, ,kgCO2e/g,g,TRUE,1.34,g/cm3,,,,PET,,,,
Plastics,Plastic - PET,30% rPET,0.003429, ,kgCO2e/g,g,TRUE,1.34,g/cm3,,,,30% rPET,,,,
Plastics,Plastic - PET,40% rPET,0.003181, ,kgCO2e/g,g,TRUE,1.34,g/cm3,,,,40% rPET,,,,
Plastics,Plastic - PET,50% rPET,0.003014, ,kgCO2e/g,g,TRUE,1.34,g/cm3,,,,50% rPET,,,,
Plastics,Plastic - PET,100% rPET,0.002085, ,kgCO2e/g,g,TRUE,1.34,g/cm3,,,,100% rPET,,,,
Plastics,Plastic - Sheet,100% rPET Sheet,0.001688, ,kgCO2e/g,g,TRUE,1.34,g/cm3,,,,100% rPET Sheet,,,,
Plastics,Plastic - Sheet,40% rPET Sheet,0.002804, ,kgCO2e/g,g,TRUE,1.34,g/cm3,,,,40% rPET Sheet,,,,
Plastics,Plastic - Sheet,"PC Sheet, Mylar",0.004836, ,kgCO2e/g,g,TRUE,,,,,,"PC Sheet, Mylar",,,,
Plastics,Plastic - Sheet,PET Sheet,0.003548, ,kgCO2e/g,g,TRUE,1.34,g/cm3,,,,PET Sheet,,,,
DfS Bonus,Surface Treatment,"Aluminum Anodization, Keyboard Top Cases",0.000005, ,kgCO2e/mm2,mm2,TRUE,0,g/mm2,,,,"Aluminum Anodization, Keyboard Top Cases",,,,
DfS Bonus,Surface Treatment,"Aluminum Anodization, Simulation Racing",0.000009, ,kgCO2e/mm2,mm2,TRUE,0,g/mm2,,,,"Aluminum Anodization, Simulation Racing",,,,
DfS Bonus,Surface Treatment,"Powder Coating, Aluminium",0.000003, ,kgCO2e/mm2,mm2,TRUE,0,g/mm2,,,,"Powder Coating, Aluminium",,,,
DfS Bonus,Surface Treatment,"Powder Coating, Steel",0.000004, ,kgCO2e/mm2,mm2,TRUE,0,g/mm2,,,,"Powder Coating, Steel",,,,
Fabrics,Textile,100% rPET Fibre,0.001560, ,kgCO2e/g,g,TRUE,,,,,,100% rPET Fibre,,,,
Fabrics,Textile,Animal Leather (0.16 g/cm2),0.001490, ,kgCO2e/cm2,cm2,TRUE,0.16,g/cm2,,,,Animal Leather (0.16 g/cm2),,,,
Fabrics,Textile,PA 66 (Nylon 66) Fibre,0.010612, ,kgCO2e/g,g,TRUE,,,,,,PA 66 (Nylon 66) Fibre,,,,
Fabrics,Textile,PET Fibre,0.004798, ,kgCO2e/g,g,TRUE,,,,,,PET Fibre,,,,
Fabrics,Textile,"PU Leather, SB  (0.08 g/cm2)",0.001300, ,kgCO2e/cm2,cm2,TRUE,0.08,g/cm2,,,,"PU Leather, SB  (0.08 g/cm2)",,,,
Fabrics,Textile,"PU Leather, SB, with rPET  (0.08 g/cm2)",0.001240, ,kgCO2e/cm2,cm2,TRUE,0.08,g/cm2,,,,"PU Leather, SB, with rPET  (0.08 g/cm2)",,,,
Fabrics,Textile,"PU Leather, WB  (0.0335 g/cm2)",0.000290, ,kgCO2e/cm2,cm2,TRUE,0.0335,g/cm2,,,,"PU Leather, WB  (0.0335 g/cm2)",,,,
Fabrics,Textile,"PU Leather, WB, with rPET  (0.0335 g/cm2)",0.000250, ,kgCO2e/cm2,cm2,TRUE,0.0335,g/cm2,,,,"PU Leather, WB, with rPET  (0.0335 g/cm2)",,,,
Fabrics,Textile,Silicone Leather  (0.0831 g/cm2),0.000720, ,kgCO2e/cm2,cm2,TRUE,0.0831,g/cm2,,,,Silicone Leather  (0.0831 g/cm2),,,,
Fabrics,Textile,"Silicone Leather, with rPET  (0.0831 g/cm2)",0.000650, ,kgCO2e/cm2,cm2,TRUE,0.0831,g/cm2,,,,"Silicone Leather, with rPET  (0.0831 g/cm2)",,,,
Metals,Metal - Copper,Copper Wire,0.008066, ,kgCO2e/g,g,TRUE,8.94,g/cm3,,,,Copper Wire,,,,
Metals,Metal - Copper,50% PCR Copper Wire,0.004741, ,kgCO2e/g,g,TRUE,8.94,g/cm3,,,,50% PCR Copper Wire,,,,
Metals,Metal - Copper,100% PCR Copper Wire,0.001416, ,kgCO2e/g,g,TRUE,8.94,g/cm3,,,,100% PCR Copper Wire,,,,
DfS Bonus,Surface Treatment,"Painting, Generic  [Without Process]",0.004138, ,kgCO2e/g,g,TRUE,,,,,,"Painting, Generic  [Without Process]",,,,
DfS Bonus,Surface Treatment,"Painting, Generic  [Process Only]",0.950407, ,kgCO2e/kWh,kWh,TRUE,,,,,,"Painting, Generic  [Process Only]",,,,
Plastics,Plastic - HIPS,100% PCR HIPS  (PCR>97%),0.001575, ,kgCO2e/g,g,TRUE,1.06,g/cm3,,,,100% PCR HIPS  (PCR>97%),,,,
DfS Bonus,Plastic - PE,HDPE Film,0.003429, ,kgCO2e/g,g,TRUE,0.97,g/cm3,,,,HDPE Film,,,,
DfS Bonus,Plastic - PE,80% PCR HDPE Film,0.001737, ,kgCO2e/g,g,TRUE,0.97,g/cm3,,,,80% PCR HDPE Film,,,,
Plastics,Plastic - PP,PP,0.004307, ,kgCO2e/g,g,TRUE,0.9,g/cm3,,,,PP,,,,
Plastics,Plastic - PP,PP Film,0.003653, ,kgCO2e/g,g,TRUE,0.9,g/cm3,,,,PP Film,,,,
Plastics,Plastic - PP,65% PCR PP Film,0.002546, ,kgCO2e/g,g,TRUE,0.9,g/cm3,,,,65% PCR PP Film,,,,
Fabrics,Textile,PP Fibre,0.004268, ,kgCO2e/g,g,TRUE,0.9,g/cm3,,,,PP Fibre,,,,
Plastics,Foot Pad,HDPE Pad,0.003429, ,kgCO2e/g,g,TRUE,0.97,g/cm3,,,,HDPE Pad,,,,
EE - Other,Battery,"Alkaline, AA",0.080000,,kgCO2e/pcs,pcs,TRUE, ,  ,23.3,,,"Alkaline, AA",,,,
EE - Other,Battery,"Alkaline, AAA",0.038000,,kgCO2e/pcs,pcs,TRUE, ,  ,11.2,,,"Alkaline, AAA",,,,
EE - Other,Battery,"Ultimate Lithium, AA",0.267000,,kgCO2e/pcs,pcs,TRUE, ,  ,15,,,"Ultimate Lithium, AA",,,,
EE - Other,Battery,"Coin Cell, CR 2032",0.068000,,kgCO2e/pcs,pcs,TRUE, ,  ,3,,,"Coin Cell, CR 2032",,,,
EE - Other,Battery,"Coin Cell, ML 2032",0.051000,,kgCO2e/pcs,pcs,TRUE, ,  ,3,,,"Coin Cell, ML 2032",,,,
EE - Other,Battery,"Coin Cell, Li-Ion CP 1254",0.034000,,kgCO2e/pcs,pcs,TRUE, ,  ,1.6,,,"Coin Cell, Li-Ion CP 1254",,,,
EE - Other,Switch,"Mechanical Switch, Standard High Profile, Lightguide",0.009160,,kgCO2e/pcs,pcs,TRUE, ,  ,1.753,,,"Mechanical Switch, Standard High Profile, Lightguide",,,,
EE - Other,Switch,"Mechanical Switch, Standard High Profile, No Lightguide",0.007810,,kgCO2e/pcs,pcs,TRUE, ,  ,1.3,,,"Mechanical Switch, Standard High Profile, No Lightguide",,,,
EE - Other,Switch,"Mechanical Switch, High Profile, Hot Swappable, With Socket",0.008970,,kgCO2e/pcs,pcs,TRUE, ,  ,1.676,,,"Mechanical Switch, High Profile, Hot Swappable, With Socket",,,,
EE - Other,Switch,"Mechanical Switch, Low Profile, No Lightguide",0.005120,,kgCO2e/pcs,pcs,TRUE, ,  ,0.961,,,"Mechanical Switch, Low Profile, No Lightguide",,,,
EE - PCB,Rigid PCB,"Gaming Keyboard, 2 layer",0.000074,,kgCO2e/mm^2,mm^2,TRUE, ,  ,0.003104855402,,,"Gaming Keyboard, 2 layer",,,,
EE - PCB,Rigid PCB,"Gaming Mice, 4 layer",0.000164,,kgCO2e/mm^2,mm^2,TRUE, ,  ,0.001576593887,,,"Gaming Mice, 4 layer",,,,
EE - PCB,Rigid PCB,"Office Mice, 2 layer, Gismo Shape",0.000103,,kgCO2e/mm^2,mm^2,TRUE, ,  ,0.002325423114,,,"Office Mice, 2 layer, Gismo Shape",,,,
EE - PCB,Rigid PCB,"Office Mice, 2 layer, Avalon Shape",0.000084,,kgCO2e/mm^2,mm^2,TRUE, ,  ,0.002383603696,,,"Office Mice, 2 layer, Avalon Shape",,,,
EE - PCB,Rigid PCB,"Office Mice, 1 layer",0.000042,,kgCO2e/mm^2,mm^2,TRUE, ,  ,0.001741907389,,,"Office Mice, 1 layer",,,,
EE - PCB,Rigid PCB,"Office Keyboard, 2 layer",0.000070,,kgCO2e/mm^2,mm^2,TRUE, ,  ,0.002542922783,,,"Office Keyboard, 2 layer",,,,
EE - PCB,Rigid PCB,"Dongle, 4 layer",0.000268,,kgCO2e/mm^2,mm^2,TRUE, ,  ,0.001105776226,,,"Dongle, 4 layer",,,,
EE - PCB,Rigid PCB,"Sensor Module, 2 layer",0.000176,,kgCO2e/mm^2,mm^2,TRUE, ,  ,0.001587356362,,,"Sensor Module, 2 layer",,,,
EE - PCB,Rigid PCB,"Generic, 1 layer",0.000096,,kgCO2e/mm^2,mm^2,TRUE, ,  ,0.001828854,,,"Generic, 1 layer",,,,
EE - PCB,Rigid PCB,"Generic, 2 layer",0.000125,,kgCO2e/mm^2,mm^2,TRUE, ,  ,0.001828854,,,"Generic, 2 layer",,,,
EE - PCB,Rigid PCB,"Generic, 4 layer",0.000152,,kgCO2e/mm^2,mm^2,TRUE, ,  ,0.001828854,,,"Generic, 4 layer",,,,
EE - PCB,Rigid PCB,"Generic, 6 layer",0.000229,,kgCO2e/mm^2,mm^2,TRUE, ,  ,0.001828854,,,"Generic, 6 layer",,,,
EE - PCB,Rigid PCB,"Generic, 8 layer",0.000305,,kgCO2e/mm^2,mm^2,TRUE, ,  ,0.001828854,,,"Generic, 8 layer",,,,
EE - PCB,Rigid PCB,"Generic, 10 layer",0.000360,,kgCO2e/mm^2,mm^2,TRUE, ,  ,0.001828854,,,"Generic, 10 layer",,,,
EE - PCB,Rigid PCB,"Generic, 12 layer",0.000416,,kgCO2e/mm^2,mm^2,TRUE, ,  ,0.001828854,,,"Generic, 12 layer",,,,
EE - PCB,Rigid PCB,"Generic, 16 layer",0.000526,,kgCO2e/mm^2,mm^2,TRUE, ,  ,0.001828854,,,"Generic, 16 layer",,,,
EE - PCB,Flexible PCB,"Membrane, 10% Ink",0.000004,-0.00010500,kgCO2e/mm^2,mm^2,TRUE, ,  ,0.000293982,,,"Membrane, 10% Ink",,,,
EE - PCB,Flexible PCB,"Membrane, 20% Ink",0.000005,0.00067400,kgCO2e/mm^2,mm^2,TRUE, ,  ,0.000293982,,,"Membrane, 20% Ink",,,,
EE - PCB,Flexible PCB,"Membrane, 40% Ink",0.000008,0.00005580,kgCO2e/mm^2,mm^2,TRUE, ,  ,0.000293982,,,"Membrane, 40% Ink",,,,
EE - PCB,Flexible PCB,"Membrane, 60% Ink",0.000011,-0.00011800,kgCO2e/mm^2,mm^2,TRUE, ,  ,0.000293982,,,"Membrane, 60% Ink",,,,
EE - PCB,Connector,"Connector, Plug",0.005129,,kgCO2e/g,g,TRUE, ,  ,1,,,"Connector, Plug",,,,
EE - PCB,Connector,FPC Connector,0.031460,,kgCO2e/g,g,TRUE, ,  ,1,,,FPC Connector,,,,
Others,Microphone,Microphone,0.010650,,kgCO2e/pcs,pcs,TRUE, ,  ,0.05,,,Microphone,,,,
EE - Other,Solder,Solder Paste,0.007390,,kgCO2e/g,g,TRUE, ,  ,1,,,Solder Paste,,,,
Others,Motor,Motor,0.008790,,kgCO2e/g,g,TRUE, ,  ,1,,,Motor,,,,
EE - Other,Switch,Tact Switch (242mg),0.001704,,kgCO2e/pcs,pcs,TRUE, ,  ,0.242,,,Tact Switch (242mg),,,,
EE - Other,Switch,Dip Switch (79mg),0.000607,,kgCO2e/pcs,pcs,TRUE, ,  ,0.079,,,Dip Switch (79mg),,,,
EE - Other,LED,"LED, SMD, IR, 3.2x1.6x1.10mm (5.86mg)",0.001020,,kgCO2e/pcs,pcs,TRUE, ,  ,0.00586,,,"LED, SMD, IR, 3.2x1.6x1.10mm (5.86mg)",,,,
EE - Other,LED,"LED, THT/Lamp, IR, 5mm (300mg)",0.016600,,kgCO2e/pcs,pcs,TRUE, ,  ,0.3,,,"LED, THT/Lamp, IR, 5mm (300mg)",,,,
EE - Other,LED,"LED, SMD, IR (2.2mg)",0.000393,,kgCO2e/pcs,pcs,TRUE, ,  ,0.0022,,,"LED, SMD, IR (2.2mg)",,,,
EE - Other,LED,"LED, SMD, Single Colour, 2.8x3.5mm (24mg)",0.003880,,kgCO2e/pcs,pcs,TRUE, ,  ,0.024,,,"LED, SMD, Single Colour, 2.8x3.5mm (24mg)",,,,
EE - Other,LED,"LED, SMD, Single Colour, 2.8x3.2mm (31.8mg)",0.004720,,kgCO2e/pcs,pcs,TRUE, ,  ,0.0318,,,"LED, SMD, Single Colour, 2.8x3.2mm (31.8mg)",,,,
EE - Other,LED,"LED, SMD, RGB, 1x1mm (1.27mg)",0.000234,,kgCO2e/pcs,pcs,TRUE, ,  ,0.00127,,,"LED, SMD, RGB, 1x1mm (1.27mg)",,,,
EE - Other,LED,"LED, SMD, RGB, 2.1x2.1mm (15.04mg)",0.002460,,kgCO2e/pcs,pcs,TRUE, ,  ,0.01504,,,"LED, SMD, RGB, 2.1x2.1mm (15.04mg)",,,,
EE - Other,LED,"LED, SMD, RGB, 4.5x1mm (7.84mg)",0.001230,,kgCO2e/pcs,pcs,TRUE, ,  ,0.00784,,,"LED, SMD, RGB, 4.5x1mm (7.84mg)",,,,
EE - Other,LED,"LED, THT/Lamp, RGB, 5mm (310.53mg)",0.017300,,kgCO2e/pcs,pcs,TRUE, ,  ,0.31053,,,"LED, THT/Lamp, RGB, 5mm (310.53mg)",,,,
EE - Other,LED,"LED, CSP/Mini, 0.4x0.75x0.15mm (0.45mg)",0.000797,,kgCO2e/pcs,pcs,TRUE, ,  ,0.00045,,,"LED, CSP/Mini, 0.4x0.75x0.15mm (0.45mg)",,,,
DfS Bonus,PWA Mixure,PCB / EE Mixer,0.095142,,kgCO2e/g,g,TRUE, ,  ,1,,,PCB / EE Mixer,,,,
Accessories,Cable,FPC Cable,0.007967,,kgCO2e/g,g,TRUE, ,  ,1,,,FPC Cable,,,,
Accessories,Cable,Cable PTFE (3.0 g/m),0.023900,,kgCO2e/m,m,TRUE, ,  ,3,,,Cable PTFE (3.0 g/m),,,,
Accessories,Cable,Cable PE (4.5 g/m),0.015714,,kgCO2e/m,m,TRUE, ,  ,4.5,,,Cable PE (4.5 g/m),,,,
Accessories,Cable,Cable PVC (4.5 g/m),0.017894,,kgCO2e/m,m,TRUE, ,  ,4.5,,,Cable PVC (4.5 g/m),,,,
Accessories,Cable,"Cable TPE, Braided (17.7 g/m)",0.070800,,kgCO2e/m,m,TRUE, ,  ,17.7,,,"Cable TPE, Braided (17.7 g/m)",,,,
Accessories,Cable,Cable TPE (16 g/m),0.061700,,kgCO2e/m,m,TRUE, ,  ,16,,,Cable TPE (16 g/m),,,,
Accessories,Cable,Cable TPE (4.5 g/m),0.019913,,kgCO2e/m,m,TRUE, ,  ,4.5,,,Cable TPE (4.5 g/m),,,,
Accessories,Cable,"Cable PVC, Braided (17.7 g/m)",0.071980,,kgCO2e/m,m,TRUE, ,  ,17.7,,,"Cable PVC, Braided (17.7 g/m)",,,,
Accessories,Cable,Cable PVC (16 g/m),0.062878,,kgCO2e/m,m,TRUE, ,  ,16,,,Cable PVC (16 g/m),,,,
Accessories,Cable,"Connector of Cable, USB Type A, 5g",0.021060,,kgCO2e/pcs,pcs,TRUE, ,  ,5,,,"Connector of Cable, USB Type A, 5g",,,,
Accessories,Cable,"Connector of Cable, USB Type C, 2.2g",0.008320,,kgCO2e/pcs,pcs,TRUE, ,  ,2.2,,,"Connector of Cable, USB Type C, 2.2g",,,,
EE - Other,Battery,"Li-Po, 50mAh",0.088000,,kgCO2e/pcs,pcs,TRUE, ,  ,1,,,"Li-Po, 50mAh",,,,
EE - Other,Battery,"Li-Po, 125mAh",0.132000,,kgCO2e/pcs,pcs,TRUE, ,  ,3.5,,,"Li-Po, 125mAh",,,,
EE - Other,Battery,"Li-Po, 150mAh",0.144000,,kgCO2e/pcs,pcs,TRUE, ,  ,4,,,"Li-Po, 150mAh",,,,
EE - Other,Battery,"Li-Po, 240mAh",0.202000,,kgCO2e/pcs,pcs,TRUE, ,  ,5.5,,,"Li-Po, 240mAh",,,,
EE - Other,Battery,"Li-Po, 430mAh",0.295000,,kgCO2e/pcs,pcs,TRUE, ,  ,8.6,,,"Li-Po, 430mAh",,,,
EE - Other,Battery,"Li-Po, 500mAh",0.312000,,kgCO2e/pcs,pcs,TRUE, ,  ,10.8,,,"Li-Po, 500mAh",,,,
EE - Other,Battery,"Li-Po, 1100mAh",0.574000,,kgCO2e/pcs,pcs,TRUE, ,  ,22,,,"Li-Po, 1100mAh",,,,
EE - Other,Battery,"Li-Po, 1500mAh",0.832000,,kgCO2e/pcs,pcs,TRUE, ,  ,29.5,,,"Li-Po, 1500mAh",,,,
EE - Other,Battery,"Li-Po, 2800mAh",1.380000,,kgCO2e/pcs,pcs,TRUE, ,  ,56,,,"Li-Po, 2800mAh",,,,
EE - Other,Battery,"Li-Po, 3300mAh",1.820000,,kgCO2e/pcs,pcs,TRUE, ,  ,66,,,"Li-Po, 3300mAh",,,,
EE - Other,Battery,"Li-Po, 50mAh, With PCR Cobalt",0.075000,,kgCO2e/pcs,pcs,TRUE, ,  ,1,,,"Li-Po, 50mAh, With PCR Cobalt",,,,
EE - Other,Battery,"Li-Po, 125mAh, With PCR Cobalt",0.101000,,kgCO2e/pcs,pcs,TRUE, ,  ,3.5,,,"Li-Po, 125mAh, With PCR Cobalt",,,,
EE - Other,Battery,"Li-Po, 150mAh, With PCR Cobalt",0.108000,,kgCO2e/pcs,pcs,TRUE, ,  ,4,,,"Li-Po, 150mAh, With PCR Cobalt",,,,
EE - Other,Battery,"Li-Po, 240mAh, With PCR Cobalt",0.143000,,kgCO2e/pcs,pcs,TRUE, ,  ,5.5,,,"Li-Po, 240mAh, With PCR Cobalt",,,,
EE - Other,Battery,"Li-Po, 430mAh, With PCR Cobalt",0.191000,,kgCO2e/pcs,pcs,TRUE, ,  ,8.6,,,"Li-Po, 430mAh, With PCR Cobalt",,,,
EE - Other,Battery,"Li-Po, 500mAh, With PCR Cobalt",0.191000,,kgCO2e/pcs,pcs,TRUE, ,  ,10.8,,,"Li-Po, 500mAh, With PCR Cobalt",,,,
EE - Other,Battery,"Li-Po, 1100mAh, With PCR Cobalt",0.331000,,kgCO2e/pcs,pcs,TRUE, ,  ,22,,,"Li-Po, 1100mAh, With PCR Cobalt",,,,
EE - Other,Battery,"Li-Po, 1500mAh, With PCR Cobalt",0.452000,,kgCO2e/pcs,pcs,TRUE, ,  ,29.5,,,"Li-Po, 1500mAh, With PCR Cobalt",,,,
EE - Other,Battery,"Li-Po, 2800mAh, With PCR Cobalt",0.771000,,kgCO2e/pcs,pcs,TRUE, ,  ,56,,,"Li-Po, 2800mAh, With PCR Cobalt",,,,
EE - Other,Battery,"Li-Po, 3300mAh, With PCR Cobalt",0.968000,,kgCO2e/pcs,pcs,TRUE, ,  ,66,,,"Li-Po, 3300mAh, With PCR Cobalt",,,,
Others,Wheel (Mice),3G Core (17.27g),0.211901, ,kgCO2e/pcs,pcs,TRUE,  ,   ,17.27,,,3G Core (17.27g),,,,
Others,Wheel (Mice),3G Mini (10.27g),0.134850, ,kgCO2e/pcs,pcs,TRUE,  ,   ,10.27,,,3G Mini (10.27g),,,,
Others,Wheel (Mice),1D Roller 2 (4.81g),0.138929, ,kgCO2e/pcs,pcs,TRUE,  ,   ,4.81,,,1D Roller 2 (4.81g),,,,
Others,Wheel (Mice),1D Roller 7 (3.31g),0.141871, ,kgCO2e/pcs,pcs,TRUE,  ,   ,3.31,,,1D Roller 7 (3.31g),,,,
Others,Wheel (Mice),1D Mechnical Encoder (3.41g),0.017670, ,kgCO2e/pcs,pcs,TRUE,  ,   ,3.41,,,1D Mechnical Encoder (3.41g),,,,
Others,Wheel (Mice),2D Micro Ratchet (8.02g),0.167516, ,kgCO2e/pcs,pcs,TRUE,  ,   ,8.02,,,2D Micro Ratchet (8.02g),,,,
Others,Wheel (Mice),EPM Wheel (20mm) (12.28g),0.210000, ,kgCO2e/pcs,pcs,TRUE,  ,   ,12.28,,,EPM Wheel (20mm) (12.28g),,,,
Others,Wheel (Mice),EPM Wheel (25mm) (23.22g),0.237000, ,kgCO2e/pcs,pcs,TRUE,  ,   ,23.22,,,EPM Wheel (25mm) (23.22g),,,,
Others,Wheel (Mice),Magnetic Wheel (6.31g),0.354000, ,kgCO2e/pcs,pcs,TRUE,  ,   ,6.31,,,Magnetic Wheel (6.31g),,,,
Accessories,Receiver / Dongle,"Unifying, Samui (C-U0007) (1.88g)",0.350000, ,kgCO2e/pcs,pcs,TRUE,  ,   ,1.88,,,"Unifying, Samui (C-U0007) (1.88g)",,,,
Accessories,Receiver / Dongle,"Unifying, Stalker (C-U0008) (1.45g)",0.290000, ,kgCO2e/pcs,pcs,TRUE,  ,   ,1.45,,,"Unifying, Stalker (C-U0008) (1.45g)",,,,
Accessories,Receiver / Dongle,"Unifying, Lengo (C-U0012) (1.98g)",0.510000, ,kgCO2e/pcs,pcs,TRUE,  ,   ,1.98,,,"Unifying, Lengo (C-U0012) (1.98g)",,,,
Accessories,Receiver / Dongle,"Dagger, Gizmo (C-U0010) (1.78g)",0.260000, ,kgCO2e/pcs,pcs,TRUE,  ,   ,1.78,,,"Dagger, Gizmo (C-U0010) (1.78g)",,,,
Accessories,Receiver / Dongle,"Dagger, Lantau (C-U0011) (5.64g)",0.750000, ,kgCO2e/pcs,pcs,TRUE,  ,   ,5.64,,,"Dagger, Lantau (C-U0011) (5.64g)",,,,
Accessories,Receiver / Dongle,"LS1, Gravity (C-U0018) (2.34g)",0.460000, ,kgCO2e/pcs,pcs,TRUE,  ,   ,2.34,,,"LS1, Gravity (C-U0018) (2.34g)",,,,
Accessories,Receiver / Dongle,"Telink, Palau (C-U0019) (1.80g)",0.340000, ,kgCO2e/pcs,pcs,TRUE,  ,   ,1.8,,,"Telink, Palau (C-U0019) (1.80g)",,,,
Accessories,Receiver / Dongle,"Bolt, Mezzi (C-U0021) (1.85g)",0.330000, ,kgCO2e/pcs,pcs,TRUE,  ,   ,1.85,,,"Bolt, Mezzi (C-U0021) (1.85g)",,,,
Others,Speaker Driver,Speaker Driver,0.009234, ,kgCO2e/g,g,TRUE,  ,   ,1,,,Speaker Driver,,,,
Accessories,Receiver / Dongle,"Bolt, Bazooka 2  (C-U0025) (3.15g)",0.603630, ,kgCO2e/pcs,pcs,TRUE,  ,   ,3.15,,,"Bolt, Bazooka 2  (C-U0025) (3.15g)",,,,
---,,,,,,--,---,,,,,,,,,,
---,,,,,,--,---,,,,,,,,,,
---,,,,,,--,---,,,,,,,,,,
---,,,,,,--,---,,,,,,,,,,
---,,,,,,--,---,,,,,,,,,,
---,,,,,,--,---,,,,,,,,,,
---,,,,,,--,---,,,,,,,,,,
---,,,,,,--,---,,,,,,,,,,
---,,,,,,--,---,,,,,,,,,,
---,,,,,,--,---,,,,,,,,,,
---,,,,,,--,---,,,,,,,,,,
---,,,,,,--,---,,,,,,,,,,
---,,,,,,--,---,,,,,,,,,,
---,,,,,,--,---,,,,,,,,,,
---,,,,,,--,---,,,,,,,,,,
---,,,,,,--,---,,,,,,,,,,
---,,,,,,--,---,,,,,,,,,,
---,,,,,,--,---,,,,,,,,,,
---,,,,,,--,---,,,,,,,,,,
---,,,,,,--,---,,,,,,,,,,
---,,,,,,--,---,,,,,,,,,,
---,,,,,,--,---,,,,,,,,,,
---,,,,,,--,---,,,,,,,,,,
---,,,,,,--,---,,,,,,,,,,
---,,,,,,--,---,,,,,,,,,,
---,,,,,,--,---,,,,,,,,,,
---,,,,,,--,---,,,,,,,,,,
---,,,,,,--,---,,,,,,,,,,
---,,,,,,--,---,,,,,,,,,,
---,,,,,,--,---,,,,,,,,,,
---,,,,,,--,---,,,,,,,,,,
---,,,,,,--,---,,,,,,,,,,
---,,,,,,--,---,,,,,,,,,,
---,,,,,,--,---,,,,,,,,,,
---,,,,,,--,---,,,,,,,,,,
---,,,,,,--,---,,,,,,,,,,
---,,,,,,--,---,,,,,,,,,,
---,,,,,,--,---,,,,,,,,,,
---,,,,,,--,---,,,,,,,,,,
---,,,,,,--,---,,,,,,,,,,
---,,,,,,--,---,,,,,,,,,,
---,,,,,,--,---,,,,,,,,,,
---,,,,,,--,---,,,,,,,,,,
---,,,,,,--,---,,,,,,,,,,
---,,,,,,--,---,,,,,,,,,,
---,,,,,,--,---,,,,,,,,,,
---,,,,,,--,---,,,,,,,,,,
---,,,,,,--,---,,,,,,,,,,
---,,,,,,--,---,,,,,,,,,,
---,,,,,,--,---,,,,,,,,,,
---,,,,,,--,---,,,,,,,,,,
---,,,,,,--,---,,,,,,,,,,
---,,,,,,--,---,,,,,,,,,,
---,,,,,,--,---,,,,,,,,,,
---,,,,,,--,---,,,,,,,,,,
---,,,,,,--,---,,,,,,,,,,
---,,,,,,--,---,,,,,,,,,,
---,,,,,,--,---,,,,,,,,,,
---,,,,,,--,---,,,,,,,,,,
---,,,,,,--,---,,,,,,,,,,
---,,,,,,--,---,,,,,,,,,,
---,,,,,,--,---,,,,,,,,,,
---,,,,,,--,---,,,,,,,,,,
---,,,,,,--,---,,,,,,,,,,
---,,,,,,--,---,,,,,,,,,,
---,,,,,,--,---,,,,,,,,,,
---,,,,,,--,---,,,,,,,,,,
---,,,,,,--,---,,PACKAGING VALUES,,,,,,,,
---,package_type,displayed_advanced_material_name,N/A,,,--,---,,,,,,,,,,
Packaging,Bag,Cotton,0.01407,,kgCO2e/g,g,TRUE,Cloth,,,fabric making? Weaving ?,,Cotton,,,,
Packaging,Bag,Nylon,0.012287,,kgCO2e/g,g,TRUE,Cloth,,,fabric making?,,Nylon,,,,
Packaging,Master Shipper,"AB-Flute-Kraft outside liner, Kraft inside liner",0.00425,,kgCO2e/g,g,TRUE,Corrugated,,,"Paper making, corrugation, diecutting, boxmaking (diecutting, adhesive), assembly (either by hand or automated)",,"AB-Flute-Kraft outside liner, Kraft inside liner",,,,
Packaging,Intermediate Pack,"AB-Flute-Kraft outside liner, Kraft inside liner",0.00425,,kgCO2e/g,g,TRUE,Corrugated,,,"Paper making, corrugation, diecutting, boxmaking (diecutting, adhesive), assembly (either by hand or automated)",,"B-Flute-Kraft outside liner, Kraft inside liner",,,,
Packaging,Cushion,"AB-Flute-Kraft outside liner, Kraft inside liner",0.00425,,kgCO2e/g,g,TRUE,Corrugated,,,"Paper making, corrugation, diecutting, boxmaking (diecutting, adhesive), assembly (either by hand or automated)",,"B-Flute-CCNB outside liner, Black kraft inside liner",,,,
Packaging,Master Shipper,"B-Flute-Kraft outside liner, Kraft inside liner",0.00367,,kgCO2e/g,g,TRUE,Corrugated,,,"Paper making, corrugation, diecutting, boxmaking (diecutting, adhesive), assembly (either by hand or automated)",,"BC Flute-Kraft outside liner, Kraft inside liner",,,,
Packaging,Intermediate Pack,"B-Flute-Kraft outside liner, Kraft inside liner",0.00367,,kgCO2e/g,g,TRUE,Corrugated,,,"Paper making, corrugation, diecutting, boxmaking (diecutting, adhesive), assembly (either by hand or automated)",,"C-Flute-Kraft outside liner, Kraft inside liner",,,,
Packaging,Cushion,"B-Flute-CCNB outside liner, Black kraft inside liner",0.00399,,kgCO2e/g,g,TRUE,Corrugated,,,"Paper making, corrugation, diecutting, boxmaking (diecutting, adhesive), assembly (either by hand or automated)",,"C-Flute-CCNB outside liner, Kraft inside liner",,,,
Packaging,Master Shipper,"BC Flute-Kraft outside liner, Kraft inside liner",0.00421,,kgCO2e/g,g,TRUE,Corrugated,,,"Paper making, corrugation, diecutting, boxmaking (diecutting, adhesive), assembly (either by hand or automated)",,"E-Flute-Kraft outside liner, Kraft inside liner",,,,
Packaging,Intermediate Pack,"BC Flute-Kraft outside liner, Kraft inside liner",0.00421,,kgCO2e/g,g,TRUE,Corrugated,,,"Paper making, corrugation, diecutting, boxmaking (diecutting, adhesive), assembly (either by hand or automated)",,"E-flute-CCNB outside liner, Black inside liner (kraft liner, flood print)",,,,
Packaging,Cushion,"BC Flute-Kraft outside liner, Kraft inside liner",0.00421,,kgCO2e/g,g,TRUE,Corrugated,,,"Paper making, corrugation, diecutting, boxmaking (diecutting, adhesive), assembly (either by hand or automated)",,"F-flute-CCNB outside liner, Kraft inside liner",,,,
Packaging,Master Shipper,"C-Flute-Kraft outside liner, Kraft inside liner",0.00373,,kgCO2e/g,g,TRUE,Corrugated,,,"Paper making, corrugation, diecutting, boxmaking (diecutting, adhesive), assembly (either by hand or automated)",,Adhesive + Synthetic paper,,,,
Packaging,Intermediate Pack,"C-Flute-Kraft outside liner, Kraft inside liner",0.00373,,kgCO2e/g,g,TRUE,Corrugated,,,"Paper making, corrugation, diecutting, boxmaking (diecutting, adhesive), assembly (either by hand or automated)",,Adhesive + PET,,,,
Packaging,Cushion,"C-Flute-CCNB outside liner, Kraft inside liner",0.004,,kgCO2e/g,g,TRUE,Corrugated,,,"Paper making, corrugation, diecutting, boxmaking (diecutting, adhesive), assembly (either by hand or automated)",,Magnet - Neodymium Iron Boron,,,,
Packaging,Intermediate Pack,"E-Flute-Kraft outside liner, Kraft inside liner",0.00362,,kgCO2e/g,g,TRUE,Corrugated,,,"Paper making, corrugation, diecutting, boxmaking (diecutting, adhesive), assembly (either by hand or automated)",,Artpaper,,,,
Packaging,Primary Box,"E-flute-CCNB outside liner, Black inside liner (kraft liner, flood print)",0.00393,,kgCO2e/g,g,TRUE,Corrugated,,,"Paper making, corrugation, diecutting, boxmaking (diecutting, adhesive), assembly (either by hand or automated)",,CCNB paper,,,,
Packaging,Insert,"E-flute-CCNB outside liner, Black inside liner (kraft liner, flood print)",0.00393,,kgCO2e/g,g,TRUE,Corrugated,,,"Paper making, corrugation, diecutting, boxmaking (diecutting, adhesive), assembly (either by hand or automated)",,Cellulose paper,,,,
Packaging,Cushion,"E-flute-CCNB outside liner, Black inside liner (kraft liner, flood print)",0.00393,,kgCO2e/g,g,TRUE,Corrugated,,,"Paper making, corrugation, diecutting, boxmaking (diecutting, adhesive), assembly (either by hand or automated)",,Greyboard paper,,,,
Packaging,Primary Box,"F-flute-CCNB outside liner, Kraft inside liner",0.00387,,kgCO2e/g,g,TRUE,Corrugated,,,,,Greyboard + Artpaper,,,,
Packaging,Label,Adhesive + Synthetic paper,0.006069,,kgCO2e/g,g,TRUE,Label,,,"Film extrusion, adhesive, paper making/ diecutting",,Kraft paper,,,,
Packaging,Label,Adhesive + PET,0.005991,,kgCO2e/g,g,TRUE,Label,,,"Film extrusion, adhesive, paper making/ diecutting",,Molded pulp - Bleached (Semi-wet press/Bamboo/Bagasse),,,,
Packaging,Other,Magnet - Neodymium Iron Boron,0.0735,,kgCO2e/g,g,TRUE,Metal,,,Magnet ?,,Molded pulp - Bleached (Wet press/Bamboo/Bagasse),,,,
Packaging,Protection Wrap,Artpaper,0.004457,,kgCO2e/g,g,TRUE,Paper,,,"Paper making, die-cutting",,Paper padded bag,,,,
Packaging,Intermediate Pack,CCNB paper,0.004142,,kgCO2e/g,g,TRUE,Paper,,,"Paper making, paper box making (die-cutting, adhesive), assembly (either by hand or automated)",,Recycled Paper,,,,
Packaging,Primary Box,CCNB paper,0.004142,,kgCO2e/g,g,TRUE,Paper,,,"Paper making, paper box making (die-cutting, adhesive), assembly (either by hand or automated)",,SBS paper,,,,
Packaging,Insert,CCNB paper,0.004142,,kgCO2e/g,g,TRUE,Paper,,,"Paper making, paper box making (die-cutting, adhesive), assembly (either by hand or automated)",,Starch tray - Bleached,,,,
Packaging,Sleeve,CCNB paper,0.004142,,kgCO2e/g,g,TRUE,Paper,,,"Paper making, paper box making (die-cutting, adhesive), assembly (either by hand or automated)",,Tissue paper,,,,
Packaging,Sleeve,Cellulose paper,0.00621,,kgCO2e/g,g,TRUE,Paper,,,"Film extrusion, paper making/ die-cutting",,Wood fiber double layer,,,,
Packaging,Bag,Cellulose paper,0.00621,,kgCO2e/g,g,TRUE,Paper,,,"Film extrusion, paper making/ die-cutting",,BOPP,,,,
Packaging,Protection Wrap,Cellulose paper,0.00621,,kgCO2e/g,g,TRUE,Paper,,,"Film extrusion, paper making/ die-cutting",,EPE - Black,,,,
Packaging,Insert,Greyboard paper,0.003805,,kgCO2e/g,g,TRUE,Paper,,,"Paper making, paper box making (die-cutting, adhesive), assembly (either by hand or automated)",,EPP - Black,,,,
Packaging,Primary Box,Greyboard + Artpaper,0.008262,,kgCO2e/g,g,TRUE,Paper,,,"Paper making, paper box making (die-cutting, adhesive), assembly (either by hand or automated)",,EPS - Black,,,,
Packaging,Insert,Greyboard + Artpaper,0.008262,,kgCO2e/g,g,TRUE,Paper,,,"Paper making, paper box making (die-cutting, adhesive), assembly (either by hand or automated)",,EPU - Black,,,,
Packaging,Intermediate Pack,Kraft paper,0.003617,,kgCO2e/g,g,TRUE,Paper,,,"Paper making, paper box making (die-cutting, adhesive), assembly (either by hand or automated)",,EVA - Black,,,,
Packaging,Primary Box,Kraft paper,0.003617,,kgCO2e/g,g,TRUE,Paper,,,"Paper making, paper box making (die-cutting, adhesive), assembly (either by hand or automated)",,HDPE Foam,,,,
Packaging,Insert,Kraft paper,0.003617,,kgCO2e/g,g,TRUE,Paper,,,"Paper making, paper box making (die-cutting, adhesive), assembly (either by hand or automated)",,LDPE Foam,,,,
Packaging,Sleeve,Kraft paper,0.003617,,kgCO2e/g,g,TRUE,Paper,,,"Paper making, paper box making (die-cutting, adhesive), assembly (either by hand or automated)",,LDPE Foam Bag,,,,
Packaging,Primary Box,Molded pulp - Bleached (Semi-wet press/Bamboo/Bagasse),0.005636,,kgCO2e/g,g,TRUE,Paper,,,"Molded pulp process (pulping, bleaching, paper forming on 2 dietools, pressing), diecutting",,PE - white,,,,
Packaging,Molded Tray,Molded pulp - Bleached (Semi-wet press/Bamboo/Bagasse),0.005636,,kgCO2e/g,g,TRUE,Paper,,,"Molded pulp process (pulping, bleaching, paper forming on 2 dietools, pressing), diecutting",,PE Foam,,,,
Packaging,Primary Box,Molded pulp - Bleached (Wet press/Bamboo/Bagasse),0.003845,,kgCO2e/g,g,TRUE,Paper,,,"Molded pulp process (pulping, bleaching, paper forming on 2 dietools, pressing, heating), diecutting",,PE-C (CPE) - gray,,,,
Packaging,Hangtab,Molded pulp - Bleached (Wet press/Bamboo/Bagasse),0.003845,,kgCO2e/g,g,TRUE,Paper,,,"Molded pulp process (pulping, bleaching, paper forming on 2 dietools, pressing, heating), diecutting",,PET - Black,,,,
Packaging,Molded Tray,Molded pulp - Bleached (Wet press/Bamboo/Bagasse),0.003845,,kgCO2e/g,g,TRUE,Paper,,,"Molded pulp process (pulping, bleaching, paper forming on 2 dietools, pressing, heating), diecutting",,PET - Sealed,,,,
Packaging,Bag,Paper padded bag,0.004819,,kgCO2e/g,g,TRUE,Paper,,,"Paper making, diecutting, filling, gluing",,PET plastic box assembled,,,,
Packaging,Document,Recycled Paper,0.003933,,kgCO2e/g,g,TRUE,Paper,,,"Paper making, paper box making (die-cutting, adhesive), assembly (either by hand or automated)",,PET - A,,,,
Packaging,Primary Box,SBS paper,0.00422,,kgCO2e/g,g,TRUE,Paper,,,"Paper making, paper box making (die-cutting, adhesive), assembly (either by hand or automated)",,PETGAG,,,,
Packaging,Insert,SBS paper,0.00422,,kgCO2e/g,g,TRUE,Paper,,,"Paper making, paper box making (die-cutting, adhesive), assembly (either by hand or automated)",,PETGAG - sealed,,,,
Packaging,Sleeve,SBS paper,0.00422,,kgCO2e/g,g,TRUE,Paper,,,"Paper making, paper box making (die-cutting, adhesive), assembly (either by hand or automated)",,POF shrink film,,,,
Packaging,Primary Box,Starch tray - Bleached,0.004803,,kgCO2e/g,g,TRUE,Paper,,,"pulp making, bleaching, injection molded",,PP - Black,,,,
Packaging,Molded Tray,Starch tray - Bleached,0.004803,,kgCO2e/g,g,TRUE,Paper,,,"pulp making, bleaching, injection molded",,PS - Black,,,,
Packaging,Bag,Tissue paper,0.0049,,kgCO2e/g,g,TRUE,Paper,,,"Paper making, diecutting",,RPET - 30% - Black,,,,
Packaging,Protection Wrap,Tissue paper,0.0049,,kgCO2e/g,g,TRUE,Paper,,,"Paper making, diecutting",,RPET - 30% - Uncolored-sealed,,,,
Packaging,Bag,Wood fiber double layer,0.0036754,,kgCO2e/g,g,TRUE,Paper,,,"Paper making x 2, lamination, diecutting, adhesive",,"Spunlace Black (plastic PP, PET, PS) cloth",,,,
Packaging,Protection Wrap,Wood fiber double layer,0.0036754,,kgCO2e/g,g,TRUE,Paper,,,"Paper making x 2, lamination, diecutting, adhesive",,Synthetic paper,,,,
Packaging,Bag,BOPP,0.00742,,kgCO2e/g,g,TRUE,Plastic,,,"extrusion, blowmolding, diecutting, heat sealing",,Greyboard + SBS,,,,
Packaging,Protection Wrap,BOPP,0.00742,,kgCO2e/g,g,TRUE,Plastic,,,"extrusion, blowmolding, diecutting, heat sealing",,"E-flute-CCNB outside liner, Kraft inside liner",,,,
Packaging,Cushion,EPE - Black,0.006444,,kgCO2e/g,g,TRUE,Plastic,,,"Polymer foaming, coloring, diecutting",,"E-flute-CCNB outside liner, Bleached Kraft inside liner",,,,
Packaging,Cushion,EPP - Black,0.0062,,kgCO2e/g,g,TRUE,Plastic,,,"Polymer foaming, coloring, diecutting",,"E-flute-SBS outside liner, Kraft inside liner",,,,
Packaging,Cushion,EPS - Black,0.007588,,kgCO2e/g,g,TRUE,Plastic,,,"Polymer foaming, coloring, diecutting",,"E-flute-SBS outside liner, Bleached Kraft inside liner",,,,
Packaging,Cushion,EPU - Black,0.008501,,kgCO2e/g,g,TRUE,Plastic,,,"Polymer foaming, coloring, diecutting",,"E-flute-SBS outside liner, Black Kraft inside liner",,,,
Packaging,Cushion,EVA - Black,0.006274,,kgCO2e/g,g,TRUE,Plastic,,,"Polymer foaming, coloring, diecutting",,"E-Flute-Bleached kraft outside liner, Kraft inside liner",,,,
Packaging,Cushion,HDPE Foam,0.005902,,kgCO2e/g,g,TRUE,Plastic,,,"Polymer foaming, diecutting",,"E-Flute-Bleached kraft outside liner, Bleached kraft inside liner",,,,
Packaging,Sleeve,LDPE Foam,0.005961,,kgCO2e/g,g,TRUE,Plastic,,,"Polymer foaming, diecutting",,"E-Flute-Black Kraft outside liner, Black kraft inside liner",,,,
Packaging,Cushion,LDPE Foam,0.005961,,kgCO2e/g,g,TRUE,Plastic,,,"Polymer foaming, diecutting",,"E-Flute-Black Kraft outside liner, Kraft inside liner",,,,
Packaging,Bag,LDPE Foam Bag,0.00962,,kgCO2e/g,g,TRUE,Plastic,,,"extrusion, blowmolding, polymer foaming, printing, lamination, diecutting, heat sealing",,Molded pulp - Natural (Semi-wet press/Bamboo/Bagasse),,,,
Packaging,Hangtab,PE - white,0.007016,,kgCO2e/g,g,TRUE,Plastic,,,"extrusion, blowmolding, diecutting, heat sealing",,Molded pulp - Dyed (Wet press/Bamboo/Bagasse),,,,
Packaging,Bag,PE - white,0.007016,,kgCO2e/g,g,TRUE,Plastic,,,"extrusion, blowmolding, diecutting, heat sealing",,Molded pulp - Dyed (Semi-wet press/Bamboo/Bagasse),,,,
Packaging,Protection Wrap,PE - white,0.007016,,kgCO2e/g,g,TRUE,Plastic,,,"extrusion, blowmolding, diecutting, heat sealing",,Starch tray - Natural,,,,
Packaging,Molded Tray,PE - white,0.007016,,kgCO2e/g,g,TRUE,Plastic,,,"extrusion, blowmolding, diecutting, heat sealing",,Starch tray - Dyed,,,,
Packaging,Cushion,PE Foam,0.00611,,kgCO2e/g,g,TRUE,Plastic,,,"Polymer foaming, diecutting",,RPET - 30% - Uncolored,,,,
Packaging,Bag,PE-C (CPE) - gray,0.007673,,kgCO2e/g,g,TRUE,Plastic,,,"extrusion, blowmolding, diecutting, heat sealing, (coloring in the raw material)",,Adhesive + Artpaper,,,,
Packaging,Molded Tray,PET - Black,0.007225,,kgCO2e/g,g,TRUE,Plastic,,,Sheet extruded and thermoforming,,Adhesive + Cellulose paper,,,,
Packaging,Clamshell,PET - Black,0.007225,,kgCO2e/g,g,TRUE,Plastic,,,Sheet extruded and thermoforming,,Molded pulp - Natural (Wet press/Bamboo/Bagasse),,,,
Packaging,Primary Box,PET - Sealed,0.006977,,kgCO2e/g,g,TRUE,Plastic,,,"Sheet extruded, thermoforming, heat sealing",,PE - black,,,,
Packaging,Molded Tray,PET - Sealed,0.006977,,kgCO2e/g,g,TRUE,Plastic,,,"Sheet extruded, thermoforming, heat sealing",,PE - clear,,,,
Packaging,Clamshell,PET - Sealed,0.006977,,kgCO2e/g,g,TRUE,Plastic,,,"Sheet extruded, thermoforming, heat sealing",,Wood fiber,,,,
Packaging,Primary Box,PET plastic box assembled,0.006887,,kgCO2e/g,g,TRUE,Plastic,,,"Sheet extusion, box making (diecutting, adhesive), assembly (either by hand or automated)",,"Spunlace (plastic PP, PET, PS) cloth",,,,
Packaging,Insert,PET plastic box assembled,0.006887,,kgCO2e/g,g,TRUE,Plastic,,,"Sheet extusion, box making (diecutting, adhesive), assembly (either by hand or automated)",,"Non woven fabric (plastic PP, PET, PS) cloth",,,,
Packaging,Sleeve,PET plastic box assembled,0.006887,,kgCO2e/g,g,TRUE,Plastic,,,"Sheet extusion, box making (diecutting, adhesive), assembly (either by hand or automated)",,PP - White,,,,
Packaging,Clamshell,PET plastic box assembled,0.006887,,kgCO2e/g,g,TRUE,Plastic,,,"Sheet extusion, box making (diecutting, adhesive), assembly (either by hand or automated)",,PP - Uncolored,,,,
Packaging,Molded Tray,PET - A,0.006887,,kgCO2e/g,g,TRUE,Plastic,,,Sheet extruded and thermoforming,,PE-C (CPE),,,,
Packaging,Clamshell,PET - A,0.006887,,kgCO2e/g,g,TRUE,Plastic,,,Sheet extruded and thermoforming,,"B-Flute-CCNB outside liner, Kraft inside liner",,,,
Packaging,Clamshell,PETGAG,0.006639,,kgCO2e/g,g,TRUE,Plastic,,,Sheet extruded and thermoforming,,"B-Flute-CCNB outside liner, Bleached kraft inside liner",,,,
Packaging,Molded Tray,PETGAG - sealed,0.0067,,kgCO2e/g,g,TRUE,Plastic,,,"Sheet extruded, thermoforming, heat sealing",,"B-Flute-Black kraft outside liner, Kraft inside liner",,,,
Packaging,Protection Wrap,POF shrink film,0.006454,,kgCO2e/g,g,TRUE,Plastic,,,"Sheet extrusion, diecutting, heating (to shrink around product)",,"B-Flute-Black kraft outside liner, Black kraft inside liner",,,,
Packaging,Bag,PP - Black,0.006389,,kgCO2e/g,g,TRUE,Plastic,,,"extrusion, blowmolding, diecutting, heat sealing (coloring included in raw material)",,EVA - White,,,,
Packaging,Molded Tray,PP - Black,0.006389,,kgCO2e/g,g,TRUE,Plastic,,,"extrusion, blowmolding, diecutting, heat sealing (coloring included in raw material)",,EPE - White,,,,
Packaging,Molded Tray,PS - Black,0.007779,,kgCO2e/g,g,TRUE,Plastic,,,Sheet extruded and thermoforming (coloring included in raw material),,EPU - White,,,,
Packaging,Molded Tray,RPET - 30% - Black,0.006779,,kgCO2e/g,g,TRUE,Plastic,,,"Sheet extruded and thermoforming, coloring (is that included already?)",,EPS - White,,,,
Packaging,Clamshell,RPET - 30% - Black,0.006779,,kgCO2e/g,g,TRUE,Plastic,,,"Sheet extruded and thermoforming, coloring (is that included already?)",,RPET - 30% - White,,,,
Packaging,Primary Box,RPET - 30% - Uncolored-sealed,0.006441,,kgCO2e/g,g,TRUE,Plastic,,,"Sheet extruded, thermoforming, heat sealing",,PET - White,,,,
Packaging,Bag,"Spunlace Black (plastic PP, PET, PS) cloth",0.005779,,kgCO2e/g,g,TRUE,Plastic,,,"Fabric making?, heat sealing, coloring",,PS - White,,,,
Packaging,Protection Wrap,Synthetic paper,0.006015,,kgCO2e/g,g,TRUE,Plastic,,,Sheet extrusion and diecutting,,"E-flute-CCNB outside liner, Bleached kraft inside liner",,,,
Packaging,Primary Box,Greyboard + SBS,0.008025,,kgCO2e/g,g,TRUE,Paper,,,"Paper making, paper box making (die-cutting, adhesive), assembly (either by hand or automated)",,"E-flute-SBS outside liner, Bleached kraft inside liner",,,,
Packaging,Primary Box,"E-flute-CCNB outside liner, Kraft inside liner",0.00387,,kgCO2e/g,g,TRUE,Corrugated,,,"Paper making, corrugation, diecutting, boxmaking (diecutting, adhesive), assembly (either by hand or automated)",,"E-flute-SBS outside liner, Black kraft inside liner",,,,
Packaging,Primary Box,"E-flute-CCNB outside liner, Bleached Kraft inside liner",0.0039,,kgCO2e/g,g,TRUE,Corrugated,,,"Paper making, corrugation, diecutting, boxmaking (diecutting, adhesive), assembly (either by hand or automated)",,"E-Flute-Bleached kraft outside liner, Bleached Kraft inside liner",,,,
Packaging,Primary Box,"E-flute-SBS outside liner, Kraft inside liner",0.00385,,kgCO2e/g,g,TRUE,Corrugated,,,"Paper making, corrugation, diecutting, boxmaking (diecutting, adhesive), assembly (either by hand or automated)",,,,,,
Packaging,Primary Box,"E-flute-SBS outside liner, Bleached Kraft inside liner",0.00387,,kgCO2e/g,g,TRUE,Corrugated,,,"Paper making, corrugation, diecutting, boxmaking (diecutting, adhesive), assembly (either by hand or automated)",,,,,,
Packaging,Primary Box,"E-flute-SBS outside liner, Black Kraft inside liner",0.00391,,kgCO2e/g,g,TRUE,Corrugated,,,"Paper making, corrugation, diecutting, boxmaking (diecutting, adhesive), assembly (either by hand or automated)",,,,,,
Packaging,Primary Box,"E-Flute-Bleached kraft outside liner, Kraft inside liner",0.00364,,kgCO2e/g,g,TRUE,Corrugated,,,"Paper making, corrugation, diecutting, boxmaking (diecutting, adhesive), assembly (either by hand or automated)",,,,,,
Packaging,Primary Box,"E-Flute-Bleached kraft outside liner, Bleached kraft inside liner",0.00366,,kgCO2e/g,g,TRUE,Corrugated,,,"Paper making, corrugation, diecutting, boxmaking (diecutting, adhesive), assembly (either by hand or automated)",,,,,,
Packaging,Primary Box,"E-Flute-Kraft outside liner, Kraft inside liner",0.00362,,kgCO2e/g,g,TRUE,Corrugated,,,"Paper making, corrugation, diecutting, boxmaking (diecutting, adhesive), assembly (either by hand or automated)",,,,,,
Packaging,Primary Box,"E-Flute-Black Kraft outside liner, Black kraft inside liner",0.00373,,kgCO2e/g,g,TRUE,Corrugated,,,"Paper making, corrugation, diecutting, boxmaking (diecutting, adhesive), assembly (either by hand or automated)",,,,,,
Packaging,Primary Box,"E-Flute-Black Kraft outside liner, Kraft inside liner",0.0037,,kgCO2e/g,g,TRUE,Corrugated,,,"Paper making, corrugation, diecutting, boxmaking (diecutting, adhesive), assembly (either by hand or automated)",,,,,,
Packaging,Primary Box,Molded pulp - Natural (Semi-wet press/Bamboo/Bagasse),0.005421,,kgCO2e/g,g,TRUE,Paper,,,"Molded pulp process (pulping, paper forming on 2 dietools, pressing), diecutting",,,,,,
Packaging,Primary Box,Molded pulp - Dyed (Wet press/Bamboo/Bagasse),0.003658,,kgCO2e/g,g,TRUE,Paper,,,"Molded pulp process (pulping, dying, paper forming on 2 dietools, pressing, heating), diecutting",,,,,,
Packaging,Primary Box,Molded pulp - Dyed (Semi-wet press/Bamboo/Bagasse),0.005449,,kgCO2e/g,g,TRUE,Paper,,,"Molded pulp process (pulping, dying, paper forming on 2 dietools, pressing), diecutting",,,,,,
Packaging,Primary Box,Starch tray - Natural,0.004588,,kgCO2e/g,g,TRUE,Paper,,,"pulp making, injection molded",,,,,,
Packaging,Primary Box,Starch tray - Dyed,0.004616,,kgCO2e/g,g,TRUE,Paper,,,"pulp making, injection molded, dying",,,,,,
Packaging,Primary Box,RPET - 30% - Uncolored,0.006408,,kgCO2e/g,g,TRUE,Plastic,,,Sheet extruded and thermoforming,,,,,,
Packaging,Label,Adhesive + Artpaper,0.004681,,kgCO2e/g,g,TRUE,Label,,,"Film extrusion, adhesive, paper making/ diecutting",,,,,,
Packaging,Label,Adhesive + Cellulose paper,0.00648,,kgCO2e/g,g,TRUE,Label,,,"Film extrusion, adhesive, paper making/ diecutting",,,,,,
Packaging,Insert,Greyboard + SBS,0.008025,,kgCO2e/g,g,TRUE,Paper,,,"Paper making, paper box making (die-cutting, adhesive), assembly (either by hand or automated)",,,,,,
Packaging,Insert,"E-flute-CCNB outside liner, Kraft inside liner",0.00387,,kgCO2e/g,g,TRUE,Corrugated,,,"Paper making, corrugation, diecutting, boxmaking (diecutting, adhesive), assembly (either by hand or automated)",,,,,,
Packaging,Insert,"E-flute-CCNB outside liner, Bleached Kraft inside liner",0.0039,,kgCO2e/g,g,TRUE,Corrugated,,,"Paper making, corrugation, diecutting, boxmaking (diecutting, adhesive), assembly (either by hand or automated)",,,,,,
Packaging,Insert,"E-flute-SBS outside liner, Kraft inside liner",0.00385,,kgCO2e/g,g,TRUE,Corrugated,,,"Paper making, corrugation, diecutting, boxmaking (diecutting, adhesive), assembly (either by hand or automated)",,,,,,
Packaging,Insert,"E-flute-SBS outside liner, Bleached Kraft inside liner",0.00387,,kgCO2e/g,g,TRUE,Corrugated,,,"Paper making, corrugation, diecutting, boxmaking (diecutting, adhesive), assembly (either by hand or automated)",,,,,,
Packaging,Insert,"E-flute-SBS outside liner, Black Kraft inside liner",0.00391,,kgCO2e/g,g,TRUE,Corrugated,,,"Paper making, corrugation, diecutting, boxmaking (diecutting, adhesive), assembly (either by hand or automated)",,,,,,
Packaging,Insert,"E-Flute-Bleached kraft outside liner, Kraft inside liner",0.00364,,kgCO2e/g,g,TRUE,Corrugated,,,"Paper making, corrugation, diecutting, boxmaking (diecutting, adhesive), assembly (either by hand or automated)",,,,,,
Packaging,Insert,"E-Flute-Bleached kraft outside liner, Bleached kraft inside liner",0.00366,,kgCO2e/g,g,TRUE,Corrugated,,,"Paper making, corrugation, diecutting, boxmaking (diecutting, adhesive), assembly (either by hand or automated)",,,,,,
Packaging,Insert,"E-Flute-Kraft outside liner, Kraft inside liner",0.00362,,kgCO2e/g,g,TRUE,Corrugated,,,"Paper making, corrugation, diecutting, boxmaking (diecutting, adhesive), assembly (either by hand or automated)",,,,,,
Packaging,Insert,"E-Flute-Black Kraft outside liner, Black kraft inside liner",0.00373,,kgCO2e/g,g,TRUE,Corrugated,,,"Paper making, corrugation, diecutting, boxmaking (diecutting, adhesive), assembly (either by hand or automated)",,,,,,
Packaging,Insert,"E-Flute-Black Kraft outside liner, Kraft inside liner",0.0037,,kgCO2e/g,g,TRUE,Corrugated,,,"Paper making, corrugation, diecutting, boxmaking (diecutting, adhesive), assembly (either by hand or automated)",,,,,,
Packaging,Hangtab,Molded pulp - Natural (Wet press/Bamboo/Bagasse),0.00363,,kgCO2e/g,g,TRUE,Paper,,,"Molded pulp process (pulping, paper forming on 2 dietools, pressing, heating), diecutting",,,,,,
Packaging,Hangtab,Molded pulp - Dyed (Wet press/Bamboo/Bagasse),0.003658,,kgCO2e/g,g,TRUE,Paper,,,"Molded pulp process (pulping, dying, paper forming on 2 dietools, pressing, heating), diecutting",,,,,,
Packaging,Hangtab,PE - black,0.006431,,kgCO2e/g,g,TRUE,Plastic,,,"extrusion, blowmolding, diecutting, heat sealing (coloring included in raw material)",,,,,,
Packaging,Hangtab,PE - clear,0.005609,,kgCO2e/g,g,TRUE,Plastic,,,"extrusion, blowmolding, diecutting, heat sealing",,,,,,
Packaging,Bag,Wood fiber,0.003196,,kgCO2e/g,g,TRUE,Paper,,,"Paper making, diecutting, adhesive, sewing",,,,,,
Packaging,Bag,"Spunlace (plastic PP, PET, PS) cloth",0.00541,,kgCO2e/g,g,TRUE,Plastic,,,"Fabric making?, heat sealing",,,,,,
Packaging,Bag,"Non woven fabric (plastic PP, PET, PS) cloth",0.005609,,kgCO2e/g,g,TRUE,Plastic,,,Extrusion?,,,,,,
Packaging,Bag,PE - black,0.006431,,kgCO2e/g,g,TRUE,Plastic,,,"extrusion, blowmolding, diecutting, heat sealing (coloring included in raw material)",,,,,,
Packaging,Bag,PE - clear,0.005609,,kgCO2e/g,g,TRUE,Plastic,,,"extrusion, blowmolding, diecutting, heat sealing",,,,,,
Packaging,Bag,PP - White,0.006167,,kgCO2e/g,g,TRUE,Plastic,,,"extrusion, blowmolding, diecutting, heat sealing (coloring included in raw material)",,,,,,
Packaging,Bag,PP - Uncolored,0.006018,,kgCO2e/g,g,TRUE,Plastic,,,"extrusion, blowmolding, diecutting, heat sealing",,,,,,
Packaging,Bag,PE-C (CPE),0.005651,,kgCO2e/g,g,TRUE,Plastic,,,"extrusion, blowmolding, diecutting, heat sealing",,,,,,
Packaging,Protection Wrap,Wood fiber,0.003196,,kgCO2e/g,g,TRUE,Paper,,,"Paper making, diecutting, adhesive, sewing",,,,,,
Packaging,Protection Wrap,PE - black,0.006431,,kgCO2e/g,g,TRUE,Plastic,,,"extrusion, blowmolding, diecutting, heat sealing (coloring included in raw material)",,,,,,
Packaging,Protection Wrap,PE - clear,0.005609,,kgCO2e/g,g,TRUE,Plastic,,,"extrusion, blowmolding, diecutting, heat sealing",,,,,,
Packaging,Cushion,"E-flute-CCNB outside liner, Kraft inside liner",0.00387,,kgCO2e/g,g,TRUE,Corrugated,,,"Paper making, corrugation, diecutting, boxmaking (diecutting, adhesive), assembly (either by hand or automated)",,,,,,
Packaging,Cushion,"E-flute-CCNB outside liner, Bleached Kraft inside liner",0.0039,,kgCO2e/g,g,TRUE,Corrugated,,,"Paper making, corrugation, diecutting, boxmaking (diecutting, adhesive), assembly (either by hand or automated)",,,,,,
Packaging,Cushion,"E-flute-SBS outside liner, Kraft inside liner",0.00385,,kgCO2e/g,g,TRUE,Corrugated,,,"Paper making, corrugation, diecutting, boxmaking (diecutting, adhesive), assembly (either by hand or automated)",,,,,,
Packaging,Cushion,"E-flute-SBS outside liner, Bleached Kraft inside liner",0.00387,,kgCO2e/g,g,TRUE,Corrugated,,,"Paper making, corrugation, diecutting, boxmaking (diecutting, adhesive), assembly (either by hand or automated)",,,,,,
Packaging,Cushion,"E-flute-SBS outside liner, Black Kraft inside liner",0.00391,,kgCO2e/g,g,TRUE,Corrugated,,,"Paper making, corrugation, diecutting, boxmaking (diecutting, adhesive), assembly (either by hand or automated)",,,,,,
Packaging,Cushion,"E-Flute-Bleached kraft outside liner, Kraft inside liner",0.00364,,kgCO2e/g,g,TRUE,Corrugated,,,"Paper making, corrugation, diecutting, boxmaking (diecutting, adhesive), assembly (either by hand or automated)",,,,,,
Packaging,Cushion,"E-Flute-Bleached kraft outside liner, Bleached kraft inside liner",0.00366,,kgCO2e/g,g,TRUE,Corrugated,,,"Paper making, corrugation, diecutting, boxmaking (diecutting, adhesive), assembly (either by hand or automated)",,,,,,
Packaging,Cushion,"E-Flute-Kraft outside liner, Kraft inside liner",0.00362,,kgCO2e/g,g,TRUE,Corrugated,,,"Paper making, corrugation, diecutting, boxmaking (diecutting, adhesive), assembly (either by hand or automated)",,,,,,
Packaging,Cushion,"E-Flute-Black Kraft outside liner, Black kraft inside liner",0.00373,,kgCO2e/g,g,TRUE,Corrugated,,,"Paper making, corrugation, diecutting, boxmaking (diecutting, adhesive), assembly (either by hand or automated)",,,,,,
Packaging,Cushion,"E-Flute-Black Kraft outside liner, Kraft inside liner",0.0037,,kgCO2e/g,g,TRUE,Corrugated,,,"Paper making, corrugation, diecutting, boxmaking (diecutting, adhesive), assembly (either by hand or automated)",,,,,,
Packaging,Cushion,"B-Flute-CCNB outside liner, Kraft inside liner",0.00393,,kgCO2e/g,g,TRUE,Corrugated,,,"Paper making, corrugation, diecutting, boxmaking (diecutting, adhesive), assembly (either by hand or automated)",,,,,,
Packaging,Cushion,"B-Flute-CCNB outside liner, Bleached kraft inside liner",0.00395,,kgCO2e/g,g,TRUE,Corrugated,,,"Paper making, corrugation, diecutting, boxmaking (diecutting, adhesive), assembly (either by hand or automated)",,,,,,
Packaging,Cushion,"B-Flute-Kraft outside liner, Kraft inside liner",0.00367,,kgCO2e/g,g,TRUE,Corrugated,,,"Paper making, corrugation, diecutting, boxmaking (diecutting, adhesive), assembly (either by hand or automated)",,,,,,
Packaging,Cushion,"B-Flute-Black kraft outside liner, Kraft inside liner",0.00375,,kgCO2e/g,g,TRUE,Corrugated,,,"Paper making, corrugation, diecutting, boxmaking (diecutting, adhesive), assembly (either by hand or automated)",,,,,,
Packaging,Cushion,"B-Flute-Black kraft outside liner, Black kraft inside liner",0.00379,,kgCO2e/g,g,TRUE,Corrugated,,,"Paper making, corrugation, diecutting, boxmaking (diecutting, adhesive), assembly (either by hand or automated)",,,,,,
Packaging,Cushion,"C-Flute-Kraft outside liner, Kraft inside liner",0.00373,,kgCO2e/g,g,TRUE,Corrugated,,,"Paper making, corrugation, diecutting, boxmaking (diecutting, adhesive), assembly (either by hand or automated)",,,,,,
Packaging,Cushion,EVA - White,0.006052,,kgCO2e/g,g,TRUE,Plastic,,,"Polymer foaming, coloring, diecutting",,,,,,
Packaging,Cushion,EPE - White,0.006222,,kgCO2e/g,g,TRUE,Plastic,,,"Polymer foaming, coloring, diecutting",,,,,,
Packaging,Cushion,EPU - White,0.008279,,kgCO2e/g,g,TRUE,Plastic,,,"Polymer foaming, coloring, diecutting",,,,,,
Packaging,Cushion,EPS - White,0.007366,,kgCO2e/g,g,TRUE,Plastic,,,"Polymer foaming, coloring, diecutting",,,,,,
Packaging,Molded Tray,Molded pulp - Natural (Wet press/Bamboo/Bagasse),0.00363,,kgCO2e/g,g,TRUE,Paper,,,"Molded pulp process (pulping, paper forming on 2 dietools, pressing, heating), diecutting",,,,,,
Packaging,Molded Tray,Molded pulp - Natural (Semi-wet press/Bamboo/Bagasse),0.005421,,kgCO2e/g,g,TRUE,Paper,,,"Molded pulp process (pulping, paper forming on 2 dietools, pressing), diecutting",,,,,,
Packaging,Molded Tray,Molded pulp - Dyed (Wet press/Bamboo/Bagasse),0.003658,,kgCO2e/g,g,TRUE,Paper,,,"Molded pulp process (pulping, dying, paper forming on 2 dietools, pressing, heating), diecutting",,,,,,
Packaging,Molded Tray,Molded pulp - Dyed (Semi-wet press/Bamboo/Bagasse),0.005449,,kgCO2e/g,g,TRUE,Paper,,,"Molded pulp process (pulping, dying, paper forming on 2 dietools, pressing), diecutting",,,,,,
Packaging,Molded Tray,Starch tray - Natural,0.004588,,kgCO2e/g,g,TRUE,Paper,,,"pulp making, injection molded",,,,,,
Packaging,Molded Tray,Starch tray - Dyed,0.004616,,kgCO2e/g,g,TRUE,Paper,,,"pulp making, injection molded, dying",,,,,,
Packaging,Molded Tray,RPET - 30% - Uncolored-sealed,0.006441,,kgCO2e/g,g,TRUE,Plastic,,,"Sheet extruded, thermoforming, heat sealing",,,,,,
Packaging,Molded Tray,RPET - 30% - Uncolored,0.006408,,kgCO2e/g,g,TRUE,Plastic,,,Sheet extruded and thermoforming,,,,,,
Packaging,Molded Tray,RPET - 30% - White,0.006557,,kgCO2e/g,g,TRUE,Plastic,,,,,,,,,
Packaging,Molded Tray,PET - White,0.007003,,kgCO2e/g,g,TRUE,Plastic,,,Sheet extruded and thermoforming (coloring included in raw material),,,,,,
Packaging,Molded Tray,PS - White,0.007557,,kgCO2e/g,g,TRUE,Plastic,,,Sheet extruded and thermoforming (coloring included in raw material),,,,,,
Packaging,Molded Tray,PE - black,0.006431,,kgCO2e/g,g,TRUE,Plastic,,,"extrusion, blowmolding, diecutting, heat sealing (coloring included in raw material)",,,,,,
Packaging,Molded Tray,PE - clear,0.005609,,kgCO2e/g,g,TRUE,Plastic,,,"extrusion, blowmolding, diecutting, heat sealing",,,,,,
Packaging,Molded Tray,PP - White,0.006167,,kgCO2e/g,g,TRUE,Plastic,,,"extrusion, blowmolding, diecutting, heat sealing (coloring included in raw material)",,,,,,
Packaging,Molded Tray,PP - Uncolored,0.006018,,kgCO2e/g,g,TRUE,Plastic,,,"extrusion, blowmolding, diecutting, heat sealing",,,,,,
Packaging,Clamshell,RPET - 30% - Uncolored-sealed,0.006441,,kgCO2e/g,g,TRUE,Plastic,,,"Sheet extruded, thermoforming, heat sealing",,,,,,
Packaging,Clamshell,RPET - 30% - Uncolored,0.006408,,kgCO2e/g,g,TRUE,Plastic,,,Sheet extruded and thermoforming,,,,,,
Packaging,Clamshell,RPET - 30% - White,0.006557,,kgCO2e/g,g,TRUE,Plastic,,,,,,,,,
Packaging,Clamshell,PET - White,0.007003,,kgCO2e/g,g,TRUE,Plastic,,,Sheet extruded and thermoforming (coloring included in raw material),,,,,,
Packaging,Primary Box,Greyboard paper,0.003805,,kgCO2e/g,g,TRUE,Paper,,,"Paper making, paper box making (die-cutting, adhesive), assembly (either by hand or automated)",,,,,,
Packaging,Primary Box,"B-Flute-CCNB outside liner, Kraft inside liner",0.00393,,kgCO2e/g,g,TRUE,Corrugated,,,"Paper making, corrugation, diecutting, boxmaking (diecutting, adhesive), assembly (either by hand or automated)",,,,,,
Packaging,Primary Box,"B-Flute-CCNB outside liner, Bleached kraft inside liner",0.00395,,kgCO2e/g,g,TRUE,Corrugated,,,"Paper making, corrugation, diecutting, boxmaking (diecutting, adhesive), assembly (either by hand or automated)",,,,,,
Packaging,Primary Box,"B-Flute-CCNB outside liner, Black kraft inside liner",0.00399,,kgCO2e/g,g,TRUE,Corrugated,,,"Paper making, corrugation, diecutting, boxmaking (diecutting, adhesive), assembly (either by hand or automated)",,,,,,
Packaging,Accessory Box,CCNB paper,0.004142,,kgCO2e/g,g,TRUE,Paper,,,"Paper making, paper box making (die-cutting, adhesive), assembly (either by hand or automated)",,,,,,
Packaging,Accessory Box,Kraft paper,0.003617,,kgCO2e/g,g,TRUE,Paper,,,"Paper making, paper box making (die-cutting, adhesive), assembly (either by hand or automated)",,,,,,
Packaging,Accessory Box,SBS paper,0.00422,,kgCO2e/g,g,TRUE,Paper,,,"Paper making, paper box making (die-cutting, adhesive), assembly (either by hand or automated)",,,,,,
Packaging,Accessory Box,Greyboard paper,0.003805,,kgCO2e/g,g,TRUE,Paper,,,"Paper making, paper box making (die-cutting, adhesive), assembly (either by hand or automated)",,,,,,
Packaging,Accessory Box,Greyboard + Artpaper,0.008262,,kgCO2e/g,g,TRUE,Paper,,,"Paper making, paper box making (die-cutting, adhesive), assembly (either by hand or automated)",,,,,,
Packaging,Accessory Box,Greyboard + SBS,0.008025,,kgCO2e/g,g,TRUE,Paper,,,"Paper making, paper box making (die-cutting, adhesive), assembly (either by hand or automated)",,,,,,
Packaging,Accessory Box,"F-flute-CCNB outside liner, Kraft inside liner",0.00387,,kgCO2e/g,g,TRUE,Corrugated,,,,,,,,,
Packaging,Accessory Box,"E-flute-CCNB outside liner, Kraft inside liner",0.00387,,kgCO2e/g,g,TRUE,Corrugated,,,"Paper making, corrugation, diecutting, boxmaking (diecutting, adhesive), assembly (either by hand or automated)",,,,,,
Packaging,Accessory Box,"E-flute-CCNB outside liner, Bleached kraft inside liner",0.0039,,kgCO2e/g,g,TRUE,Corrugated,,,"Paper making, corrugation, diecutting, boxmaking (diecutting, adhesive), assembly (either by hand or automated)",,,,,,
Packaging,Accessory Box,"E-flute-CCNB outside liner, Black inside liner (kraft liner, flood print)",0.00393,,kgCO2e/g,g,TRUE,Corrugated,,,"Paper making, corrugation, diecutting, boxmaking (diecutting, adhesive), assembly (either by hand or automated)",,,,,,
Packaging,Accessory Box,"E-flute-SBS outside liner, Kraft inside liner",0.00385,,kgCO2e/g,g,TRUE,Corrugated,,,"Paper making, corrugation, diecutting, boxmaking (diecutting, adhesive), assembly (either by hand or automated)",,,,,,
Packaging,Accessory Box,"E-flute-SBS outside liner, Bleached kraft inside liner",0.00387,,kgCO2e/g,g,TRUE,Corrugated,,,"Paper making, corrugation, diecutting, boxmaking (diecutting, adhesive), assembly (either by hand or automated)",,,,,,
Packaging,Accessory Box,"E-flute-SBS outside liner, Black kraft inside liner",0.00391,,kgCO2e/g,g,TRUE,Corrugated,,,"Paper making, corrugation, diecutting, boxmaking (diecutting, adhesive), assembly (either by hand or automated)",,,,,,
Packaging,Accessory Box,"E-Flute-Bleached kraft outside liner, Kraft inside liner",0.00364,,kgCO2e/g,g,TRUE,Corrugated,,,"Paper making, corrugation, diecutting, boxmaking (diecutting, adhesive), assembly (either by hand or automated)",,,,,,
Packaging,Accessory Box,"E-Flute-Bleached kraft outside liner, Bleached Kraft inside liner",0.00366,,kgCO2e/g,g,TRUE,Corrugated,,,"Paper making, corrugation, diecutting, boxmaking (diecutting, adhesive), assembly (either by hand or automated)",,,,,,
Packaging,Accessory Box,"E-Flute-Kraft outside liner, Kraft inside liner",0.00362,,kgCO2e/g,g,TRUE,Corrugated,,,"Paper making, corrugation, diecutting, boxmaking (diecutting, adhesive), assembly (either by hand or automated)",,,,,,
Packaging,Accessory Box,"E-Flute-Black Kraft outside liner, Black kraft inside liner",0.00373,,kgCO2e/g,g,TRUE,Corrugated,,,"Paper making, corrugation, diecutting, boxmaking (diecutting, adhesive), assembly (either by hand or automated)",,,,,,
Packaging,Accessory Box,"E-Flute-Black Kraft outside liner, Kraft inside liner",0.0037,,kgCO2e/g,g,TRUE,Corrugated,,,"Paper making, corrugation, diecutting, boxmaking (diecutting, adhesive), assembly (either by hand or automated)",,,,,,
Packaging,Accessory Box,PET plastic box assembled,0.006887,,kgCO2e/g,g,TRUE,Plastic,,,"Sheet extusion, box making (diecutting, adhesive), assembly (either by hand or automated)",,,,,,
Packaging,Insert,"F-flute-CCNB outside liner, Kraft inside liner",0.00387,,kgCO2e/g,g,TRUE,Corrugated,,,,,,,,,
Packaging,Insert,"B-Flute-Kraft outside liner, Kraft inside liner",0.00367,,kgCO2e/g,g,TRUE,Corrugated,,,"Paper making, corrugation, diecutting, boxmaking (diecutting, adhesive), assembly (either by hand or automated)",,,,,,
Packaging,Insert,"B-Flute-Black kraft outside liner, Kraft inside liner",0.00375,,kgCO2e/g,g,TRUE,Corrugated,,,"Paper making, corrugation, diecutting, boxmaking (diecutting, adhesive), assembly (either by hand or automated)",,,,,,
Packaging,Insert,"B-Flute-Black kraft outside liner, Black kraft inside liner",0.00379,,kgCO2e/g,g,TRUE,Corrugated,,,"Paper making, corrugation, diecutting, boxmaking (diecutting, adhesive), assembly (either by hand or automated)",,,,,,
Packaging,Mailer,SBS paper,0.00422,,kgCO2e/g,g,TRUE,Paper,,,"Paper making, paper box making (die-cutting, adhesive), assembly (either by hand or automated)",,,,,,
Packaging,Mailer,Recycled paper,0.003933,,kgCO2e/g,g,TRUE,Paper,,,"Paper making, paper box making (die-cutting, adhesive), assembly (either by hand or automated)",,,,,,
Packaging,Mailer,Paper padded bag,0.004819,,kgCO2e/g,g,TRUE,Paper,,,"Paper making, diecutting, filling, gluing",,,,,,
Packaging,Protection Wrap,PET - Sealed,0.006977,,kgCO2e/g,g,TRUE,Plastic,,,"Sheet extruded, thermoforming, heat sealing",,,,,,
Packaging,Protection Wrap,PET - Black,0.007225,,kgCO2e/g,g,TRUE,Plastic,,,Sheet extruded and thermoforming,,,,,,
Packaging,Protection Wrap,PET - White,0.007003,,kgCO2e/g,g,TRUE,Plastic,,,Sheet extruded and thermoforming (coloring included in raw material),,,,,,
Packaging,Backer Card,CCNB paper,0.004142,,kgCO2e/g,g,TRUE,Paper,,,"Paper making, paper box making (die-cutting, adhesive), assembly (either by hand or automated)",,,,,,
Packaging,Backer Card,SBS paper,0.00422,,kgCO2e/g,g,TRUE,Paper,,,"Paper making, paper box making (die-cutting, adhesive), assembly (either by hand or automated)",,,,,,
---,,,--,,--,--,---,N/A,,,N/A,,,,,,
---,,,--,,--,--,---,N/A,,,N/A,,,,,,
---,,,--,,--,--,---,N/A,,,N/A,,,,,,
---,,,--,,--,--,---,N/A,,,N/A,,,,,,
---,,,--,,--,--,---,N/A,,,N/A,,,,,,
---,,,--,,--,--,---,N/A,,,N/A,,,,,,
---,,,--,,--,--,---,N/A,,,N/A,,,,,,
---,,,--,,--,--,---,N/A,,,N/A,,,,,,
---,,,--,,--,--,---,N/A,,,N/A,,,,,,
---,,,--,,--,--,---,N/A,,,N/A,,,,,,
---,,,--,,--,--,---,N/A,,,N/A,,,,,,
---,,,--,,--,--,---,N/A,,,N/A,,,,,,
---,,,--,,--,--,---,N/A,,,N/A,,,,,,
---,,,--,,--,--,---,N/A,,,N/A,,,,,,
---,,,--,,--,--,---,N/A,,,N/A,,,,,,
---,,,--,,--,--,---,N/A,,,N/A,,,,,,
---,,,--,,--,--,---,N/A,,,N/A,,,,,,
---,,,--,,--,--,---,N/A,,,N/A,,,,,,
---,,,--,,--,--,---,N/A,,,N/A,,,,,,
---,,,--,,--,--,---,N/A,,,N/A,,,,,,
---,,,--,,--,--,---,N/A,,,N/A,,,,,,
---,,,--,,--,--,---,N/A,,,N/A,,,,,,
---,,,--,,--,--,---,N/A,,,N/A,,,,,,
---,,,--,,--,--,---,N/A,,,N/A,,,,,,
---,,,--,,--,--,---,N/A,,,N/A,,,,,,
---,,,--,,--,--,---,N/A,,,N/A,,,,,,
---,,,--,,--,--,---,N/A,,,N/A,,,,,,
---,,,--,,--,--,---,N/A,,,N/A,,,,,,
---,,,--,,--,--,---,N/A,,,N/A,,,,,,
---,,,--,,--,--,---,N/A,,,N/A,,,,,,
---,,,--,,--,--,---,N/A,,,N/A,,,,,,
---,,,--,,--,--,---,N/A,,,N/A,,,,,,
---,,,--,,--,--,---,N/A,,,N/A,,,,,,
---,,,--,,--,--,---,N/A,,,N/A,,,,,,
---,,,--,,--,--,---,N/A,,,N/A,,,,,,
---,,,--,,--,--,---,N/A,,,N/A,,,,,,
---,,,--,,--,--,---,N/A,,,N/A,,,,,,
---,,,--,,--,--,---,N/A,,,N/A,,,,,,
---,,,--,,--,--,---,N/A,,,N/A,,,,,,
---,,,--,,--,--,---,N/A,,,N/A,,,,,,
---,,,--,,--,--,---,N/A,,,N/A,,,,,,
---,,,--,,--,--,---,N/A,,,N/A,,,,,,
---,,,--,,--,--,---,N/A,,,N/A,,,,,,
---,,,--,,--,--,---,N/A,,,N/A,,,,,,
---,,,--,,--,--,---,N/A,,,N/A,,,,,,
---,,,--,,--,--,---,N/A,,,N/A,,,,,,
---,,,--,,--,--,---,N/A,,,N/A,,,,,,
---,,,--,,--,--,---,N/A,,,N/A,,,,,,
---,,,--,,--,--,---,N/A,,,N/A,,,,,,
---,,,--,,--,--,---,N/A,,,N/A,,,,,,
---,,,--,,--,--,---,N/A,,,N/A,,,,,,
---,,,--,,--,--,---,N/A,,,N/A,,,,,,
---,,,--,,--,--,---,N/A,,,N/A,,,,,,
---,,,--,,--,--,---,N/A,,,N/A,,,,,,
---,,,--,,--,--,---,N/A,,,N/A,,,,,,
---,,,--,,--,--,---,N/A,,,N/A,,,,,,
---,,,--,,--,--,---,N/A,,,N/A,,,,,,
---,,,--,,--,--,---,N/A,,,N/A,,,,,,
---,,,--,,--,--,---,N/A,,,N/A,,,,,,
---,,,--,,--,--,---,N/A,,,N/A,,,,,,
---,,,--,,--,--,---,N/A,,,N/A,,,,,,
---,,,--,,--,--,---,N/A,,,N/A,,,,,,
---,,,--,,--,--,---,N/A,,,N/A,,,,,,
---,,,--,,--,--,---,N/A,,,N/A,,,,,,
---,,,--,,--,--,---,N/A,,,N/A,,,,,,
---,,,--,,--,--,---,N/A,,,N/A,,,,,,
---,,,--,,--,--,---,N/A,,,N/A,,,,,,
---,,,--,,--,--,---,N/A,,,N/A,,,,,,
---,,,--,,--,--,---,N/A,,,N/A,,,,,,
---,,,--,,--,--,---,N/A,,,N/A,,,,,,
---,,,--,,--,--,---,N/A,,,N/A,,,,,,
---,,,--,,--,--,---,N/A,,,N/A,,,,,,
---,,,--,,--,--,---,N/A,,,N/A,,,,,,
---,,,--,,--,--,---,N/A,,,N/A,,,,,,
---,,,--,,--,--,---,N/A,,,N/A,,,,,,
---,,,--,,--,--,---,N/A,,,N/A,,,,,,
---,,,--,,--,--,---,N/A,,,N/A,,,,,,
---,,,--,,--,--,---,N/A,,,N/A,,,,,,
---,,,--,,--,--,---,N/A,,,N/A,,,,,,
---,,,--,,--,--,---,N/A,,,N/A,,,,,,
---,,,--,,--,--,---,N/A,,,N/A,,,,,,
---,,,--,,--,--,---,N/A,,,N/A,,,,,,
---,,,--,,--,--,---,N/A,,,N/A,,,,,,
---,,,--,,--,--,---,N/A,,,N/A,,,,,,
---,,,--,,--,--,---,N/A,,,N/A,,,,,,
---,,,--,,--,--,---,N/A,,,N/A,,,,,,
---,,,--,,--,--,---,N/A,,,N/A,,,,,,
---,,,--,,--,--,---,N/A,,,N/A,,,,,,
---,,,,,,,,,,,,,,,,,
---,,,,,,,,,,,,,,,,,
---,,,,,,,,,,,,,,,,,
---,,,,,,,,,,,,,,,,,
---,,,,,,,,,,,,,,,,,
---,,,,,,,,,,,,,,,,,
---,,,,,,,,,,,,,,,,,
---,,,,,,,,,,,,,,,,,
---,,,,,,,,,,,,,,,,,
---,,,,,,,,,,,,,,,,,
---,,,,,,,,,,,,,,,,,
---,,,,,,,,,,,,,,,,,
---,,,,,,,,,,,,,,,,,
---,,,,,,,,,,,,,,,,,
---,,,,,,,,,,,,,,,,,
---,,,,,,,,,,,,,,,,,
---,,,,,,,,,,,,,,,,,
---,,,,,,,,,,,,,,,,,
---,,,,,,,,,,,,,,,,,
---,,,,,,,,,,,,,,,,,
---,,,,,,,,,,,,,,,,,
---,,,,,,,,,,,,,,,,,
---,,,,,,,,,,,,,,,,,
---,,,,,,,,,,,,,,,,,
---,,,,,,,,,,,,,,,,,
---,,,,,,,,,,,,,,,,,
---,,,,,,,,,,,,,,,,,
---,,,,,,,,,,,,,,,,,
---,,,,,,,,,,,,,,,,,
---,,,,,,,,,,,,,,,,,
---,,,,,,,,,,,,,,,,,
---,,,,,,,,,,,,,,,,,
---,,,,,,,,,,,,,,,,,
---,,,,,,,,,,,,,,,,,
---,,,,,,,,,,,,,,,,,
---,,,,,,,,,,,,,,,,,
---,,,,,,,,,,,,,,,,,
---,,,,,,,,,,,,,,,,,
---,,,,,,,,,,,,,,,,,
---,,,,,,,,,,,,,,,,,
---,,,,,,,,,,,,,,,,,
---,,,,,,,,,,,,,,,,,
---,,,,,,,,,,,,,,,,,
DfS Bonus,Manufacturing,SMD Assembly line (per PCB panel area),0.000006,,kgCO2e/mm2,mm2,TRUE,,,,,,,,,,
DfS Bonus,Distribution,Distribution (with Air Shipment),0.000815,,kgCO2e/g,g,TRUE,,,,,,,,,,
DfS Bonus,Distribution,Distribution (Zero Air Shipment),0.000134,,kgCO2e/g,g,TRUE,,,,,,,,,,
DfS Bonus,Consumer use,"Go to Use Phase Calculator 
(link on the top of this page)",1,,kgCO2e,--,TRUE,,,,,,,,,,
DfS Bonus,End of Life,EOL-8L product waste,0.000646,,kgCO2e/g,g,TRUE,,,,,,,,,,
DfS Bonus,End of Life,EOL-Battery waste,0.001192,,kgCO2e/g,g,TRUE,,,,,,,,,,
DfS Bonus,End of Life,EOL-Paper package waste,0.000036,,kgCO2e/g,g,TRUE,,,,,,,,,,
DfS Bonus,End of Life,EOL-Plastic package waste,0.002542,,kgCO2e/g,g,TRUE,,,,,,,,,,
DfS Bonus,Other,Manual Input,1,,kgCO2e/kgCO2e,kgCO2e,TRUE,,,,,,,,,,
---,,,,,,,,,,,,,,,,,
---,,,,,,,,,,,,,,,,,
---,,,,,,,,,,,,,,,,,
---,,,,,,,,,,,,,,,,,
---,,,,,,,,,,,,,,,,,
---,,,,,,,,,,,,,,,,,
---,,,,,,,,,,,,,,,,,
---,,,,,,,,,,,,,,,,,
---,,,,,,,,,,,,,,,,,
---,,,,,,,,,,,,,,,,,
---,,,,,,,,,,,,,,,,,
---,,,,,,,,,,,,,,,,,
---,,,,,,,,,,,,,,,,,
---,,,,,,,,,,,,,,,,,
---,,,,,,,,,,,,,,,,,
---,,,,,,,,,,,,,,,,,
---,,,,,,,,,,,,,,,,,
---,,,,,,,,,,,,,,,,,
---,,,,,,,,,,,,,,,,,
---,,,,,,,,,,,,,,,,,
---,,,,,,,,,,,,,,,,,
---,,,,,,,,,,,,,,,,,
---,,,,,,,,,,,,,,,,,
---,,,,,,,,,,,,,,,,,
---,,,,,,,,,,,,,,,,,
---,,,,,,,,,,,,,,,,,
---,,,,,,,,,,,,,,,,,
---,,,,,,,,,,,,,,,,,
---,,,,,,,,,,,,,,,,,
---,,,,,,,,,,,,,,,,,
---,,,,,,,,,,,,,,,,,
---,,,,,,,,,,,,,,,,,
---,,,,,,,,,,,,,,,,,
---,,,,,,,,,,,,,,,,,
---,,,,,,,,,,,,,,,,,
---,,,,,,,,,,,,,,,,,
---,,,,,,,,,,,,,,,,,
---,,,,,,,,,,,,,,,,,
---,,,,,,,,,,,,,,,,,
---,,,,,,,,,,,,,,,,,
---,,,,,,,,,,,,,,,,,
---,,,,,,,,,,,,,,,,,
---,,,,,,,,,,,,,,,,,
---,,,,,,,,,,,,,,,,,
---,,,,,,,,,,,,,,,,,
---,,,,,,,,,,,,,,,,,
---,,,,,,,,,,,,,,,,,
---,,,,,,,,,,,,,,,,,
---,,,,,,,,,,,,,,,,,
---,,,,,,,,,,,,,,,,,
---,,,,,,,,,,,,,,,,,
---,,,,,,,,,,,,,,,,,
---,,,,,,,,,,,,,,,,,
---,,,,,,,,,,,,,,,,,
---,,,,,,,,,,,,,,,,,
---,,,,,,,,,,,,,,,,,
---,,,,,,,,,,,,,,,,,
---,,,,,,,,,,,,,,,,,
---,,,,,,,,,,,,,,,,,
---,,,,,,,,,,,,,,,,,
---,,,,,,,,,,,,,,,,,
---,,,,,,,,,,,,,,,,,
---,,,,,,,,,,,,,,,,,
---,,,,,,,,,,,,,,,,,
---,,,,,,,,,,,,,,,,,
---,,,,,,,,,,,,,,,,,
---,,,,,,,,,,,,,,,,,
---,,,,,,,,,,,,,,,,,
---,,,,,,,,,,,,,,,,,
---,,,,,,,,,,,,,,,,,
---,,,,,,,,,,,,,,,,,
---,,,,,,,,,,,,,,,,,